scenario,cycle,year,mmt_agc_mean,mmt_agc_lo,mmt_agc_hi,mmt_bgc_mean,mmt_bgc_lo,mmt_bgc_hi,mmt_dead_c_mean,mmt_dead_c_lo,mmt_dead_c_hi,mmt_litter_c_mean,mmt_litter_c_lo,mmt_litter_c_hi,mmt_soil_c_mean,mmt_soil_c_lo,mmt_soil_c_hi,mmt_under_c_mean,mmt_under_c_lo,mmt_under_c_hi,mmt_total_c_mean,mmt_total_c_lo,mmt_total_c_hi,mmt_biomass_mean,mmt_biomass_lo,mmt_biomass_hi,total_vol_mcf_mean,total_vol_mcf_lo,total_vol_mcf_hi,merch_vol_mcf_mean,merch_vol_mcf_lo,merch_vol_mcf_hi,rd_mean_wtd_mean,rd_mean_wtd_lo,rd_mean_wtd_hi,sdi_mean_wtd_mean,sdi_mean_wtd_lo,sdi_mean_wtd_hi,total_area_mha_mean,total_area_mha_lo,total_area_mha_hi,n_sims,n_conditions
BAU,1,2004,232.10896226348723,223.55916614034885,240.62291159114528,51.06397169796719,49.183016550876744,52.93704055005197,54.00219042478886,52.266051707811044,55.70694979197568,86.65022447390666,83.78249108953034,89.84498064897555,713.7888016143875,691.0721010806925,741.3264035499719,9.013776103425387,8.71962890618558,9.36741039022424,1131.8712798373272,1096.0577239218537,1171.3322956875381,473.56428946034106,456.0538061493542,491.1106916769854,17472.53645384311,16750.184995080836,18183.76779504754,8309.247533418717,7900.064115613848,8768.099183218175,0.5216592791649654,0.5120767833585776,0.5296554110126938,254.81831968593283,250.29510852002088,258.86146469830715,5474.583679584704,5304.762742741868,5684.417730288029,100,2819
BAU,2,2009,209.99080121402213,201.15848454318132,219.9937848760199,46.19797626708487,44.25486659949989,48.398632672724375,46.44788617273466,44.75612879457775,48.38283000114781,74.21748817322155,71.61398903534806,77.67669913688866,610.2263100732433,589.9294022751134,640.4013527755269,7.667103446595804,7.403149228854138,8.067515674091833,982.252934285593,948.856034240207,1026.162812885038,428.6170669315243,410.53827400035453,449.21857056323233,16017.066640752848,15327.10978187115,16773.28583722317,7736.179743845471,7324.577704492196,8210.266629822028,0.5605645532214591,0.5486853066597668,0.5720066370099155,274.13100322446576,268.83674635569423,279.50751653471156,4680.59438449293,4527.211992436644,4909.312474883911,100,2384
BAU,3,2014,188.5759287985522,178.69769737235117,197.38158528490516,41.48670433568149,39.31349342191726,43.42394876267913,40.09462462266925,38.1261299920111,42.05165693274226,63.79357093314559,61.02058359551299,66.93284913816419,523.6316926755318,504.02777493521717,547.6126859460583,6.5465355443824755,6.311683845423833,6.854964498267751,854.59104807601625,819.4396685911913,893.2095241412994,385.0718113501859,365.0156084316385,403.19934993167385,14644.9864611033,13764.362383709427,15403.612231229552,7170.018506556528,6701.1353197741655,7672.732254022618,0.594655688388064,0.5829156766349111,0.6090977298141065,291.05512956558283,285.351977676212,298.5656397397885,4016.396668598939,3872.0178054047665,4197.2878248057295,100,2028
BAU,4,2019,170.4469621495877,161.35703311600764,179.8679169500053,37.498331672909295,35.49854728552168,39.57094172900117,35.43512212703184,33.544238851949665,37.22352309944902,56.192766554081345,53.65695084319712,59.209178240205496,460.5326851538399,439.9337613442168,486.06312712253487,5.730655719413877,5.477036483293854,6.049449644535661,758.4043139342988,724.9330839202469,797.4405990652975,348.17697642720475,329.49071932442644,367.49589701961247,13517.762929029144,12728.493286427183,14381.944447870384,6736.398072522792,6180.642502587618,7262.034129600757,0.6264296189271672,0.6081825650601189,0.649313667239101,306.89039623894604,297.56327536691515,318.6370933698338,3532.1921419253895,3382.7625525477115,3721.0189487055786,100,1770
BAU,5,2024,152.3915509709273,143.0349986657784,161.37388115917835,33.526141213604006,31.467699706471244,35.502253855019234,31.588851605051733,29.87358103687792,33.44561841463549,49.89964283757444,47.204816852266696,52.65092542850202,408.40496943591677,386.852921695777,431.02814550146087,5.061017997766541,4.785113729813443,5.376276166966803,675.0834499044963,636.8504688259943,709.8839482889177,311.4231484342088,292.23511326293124,329.88623916556776,12331.390141083995,11514.033224955892,13089.774964626049,6231.22132161598,5689.436246137242,6752.2981941192975,0.6620405801012554,0.6330638632275967,0.7183367216728673,324.59772243395037,310.34804867349044,346.47044486851723,3131.9343445857003,2968.4335651689307,3302.4644717702577,100,1557
BAU,6,2029,134.40010796502034,124.31996722683195,142.91305746556168,29.568023752304477,27.350392789903033,31.44087264242357,28.229501863936328,26.652885698148577,30.11008475232572,44.52769395289944,41.9847049928003,47.43380557715224,364.15585860472135,343.1981187169192,387.7646679617593,4.50068391006103,4.251775265097125,4.788563490665687,600.7151974624197,564.5609019482793,638.6672804312173,274.7769380817068,254.04910359461587,292.22337572160836,11064.011054671224,10170.6604857926,11859.482817694541,5659.116453609445,5176.168737131686,6212.172794149996,0.7096271787249097,0.6597421102407868,0.7931304159706902,347.91603250243355,322.6585582690033,390.98679669044543,2792.3153161802593,2636.0449188899993,2965.1876063602,100,1380
BAU,7,2034,117.21799804672014,107.78634918536856,125.80035523564396,25.78795957027843,23.712996820781083,27.676078151841672,25.176385239481352,23.321728269016127,26.99306498670748,39.776570968513205,37.09339829944939,42.83567746564473,325.0221612447125,304.3398303107342,347.52147231360726,4.01092743831319,3.761429242511211,4.3061379303052725,533.000009628249,496.8324820693683,569.2305164901246,239.7542478593772,220.5080451636609,257.3112228962382,9782.098307737908,8746.07396592133,10582.816169109208,5054.003031013508,4461.251586561256,5727.0002142340345,0.7722803298454203,0.6943269764949372,0.9016813741393734,379.97423546370305,340.36758313009665,448.2229995839891,2492.143609126806,2336.752560245557,2658.559364402012,100,1225
BAU,8,2039,101.78329255370421,93.16125928696776,109.54549326512438,22.392324361814925,20.495477043132908,24.100008518327368,22.40197458509861,20.675406244397223,24.138531465953093,35.56679644429892,33.05085415379236,38.46592769945777,290.5866395128048,270.9839437777258,312.80643552752053,3.584511277844687,3.3388900357037556,3.870153400023911,472.653558361371,439.25983607250197,509.2006053484855,208.2597762660822,190.6147853611863,224.21579144209397,8580.748523154762,7646.134508278978,9283.36700341134,4460.432194347315,3915.778852215044,4972.073441201472,0.8584383812057061,0.7259180942817006,1.2663677956814998,423.0661035196187,355.6504814815714,626.4603509579897,2227.777603595245,2074.9842993306165,2393.315097211912,100,1091
BAU,9,2044,88.25081774222959,79.66142704396293,98.55483924216026,19.415179903290507,17.525513949671847,21.68206463327526,19.913881839219865,18.204474165507158,21.7667566491832,31.823593037675867,29.42591700703483,35.08489508025343,260.1621532738118,240.15313805493787,286.49738739961674,3.212266780590689,2.955693949043569,3.531810369814395,419.24678473544617,386.3201229701514,460.640274653991,180.6195098024704,163.11644833807088,201.75366037929894,7518.25711908025,6536.056179525741,8464.01743587411,3905.8437981028756,3352.8866962218067,4542.667875694968,0.9939110759314196,0.7695182563692918,1.6854501410748353,492.63425621309545,376.48398302826297,842.920767922551,1994.6470436039763,1842.3727480745265,2189.163374293893,100,973
BAU,10,2049,76.62702459553097,69.09616262391329,85.89409215966931,16.85794541101681,15.201155777260922,18.896700275127248,17.703338580587584,16.3200000788041,19.3931637089138,28.562120513325564,26.405584374625036,31.481178641097266,233.5648154728302,214.92487910087394,257.7373329121873,2.886402094780966,2.667664344728929,3.1926415210930283,372.9676533186067,342.7961679097332,408.80208219023234,156.86178668426854,141.5380456373245,175.85764581430732,6588.654003036449,5806.591520661539,7530.409030388765,3412.8715765504826,2937.9755112992298,4048.0053666171216,1.171003024285103,0.8016866425784005,2.796269050527502,580.487626897625,389.3875710611834,1378.4325519917695,1790.8132393893547,1654.3472198376503,1976.0233376299047,100,871
BAU,11,2054,66.30796899942389,59.65478866774832,75.69944487426665,14.587753179873257,13.12405350690463,16.65387787233866,15.73833684229857,14.174924832497961,17.161408020963993,25.651740282292053,23.203436450214166,27.950142251862196,210.08728241687353,189.14665149659385,229.56215962454516,2.6004164507620615,2.366306085649499,2.8507718333255614,331.97815698030155,300.5327287142378,361.52542065874223,135.76847711177945,122.28946652955091,155.0753668398141,5720.85075497266,4934.388868997767,6570.601659591943,2959.5121626826303,2478.953600721916,3494.618546698742,1.398665390438913,0.8385322016083128,2.5761480518840423,692.90817771619,406.17840935294663,1330.8379526506733,1610.942799369166,1458.5236171445613,1759.7500504418922,100,783
BAU,12,2059,57.00042897202953,50.007512565359164,64.64355453485616,12.540094373846498,11.001652764379017,14.221581997668357,13.99173525737239,12.757139506609928,15.290014013278785,23.051815436332834,20.947495883646006,25.273369498785527,189.09476928133574,171.7682196826678,207.9903438909099,2.345458433911047,2.1470271278491415,2.5855233472994232,295.19181303307016,266.57150593782984,325.3892744790432,116.75190795217914,102.45037447956497,132.39026076798507,4926.785362583161,4116.104873284501,5917.507922861716,2510.0672031796207,2103.4815261060126,2929.189673963815,1.5972474752552832,0.8823068440564952,3.085468298802211,799.6874890633019,429.37772870782027,1597.993559850484,1450.1234836543365,1323.9066984524152,1589.976396670108,100,704
BAU,13,2064,48.61588144548596,42.701550829275135,55.279233618459536,10.695493918006912,9.39434118244053,12.161431396061097,12.419291674402283,11.345819279259372,13.514037448995811,20.7828095129732,18.5925785433885,23.11039888025867,170.775692667636,152.9475420350193,189.3507921771283,2.124515316553283,1.8952569062012103,2.3598890375002037,262.7630173996493,236.9673423811735,292.0400198418249,99.60911211480585,87.44616216518622,113.34290360627438,4181.843965039848,3472.2779204984945,5281.144555968252,2098.001624038183,1742.5605302222189,2560.3213286993637,1.9496314826916703,0.9341110541652431,5.598830667780726,981.244590203504,451.2413233682344,2983.587795088946,1310.0248008523308,1168.4944603535573,1452.9351910341354,100,635
BAU,14,2069,41.68779385970187,35.950797835783334,48.020649365583516,9.17131464913441,7.909175523872335,10.564542860428375,11.057952624321251,9.950457246315777,12.161643801621668,18.77001480547051,16.806510121494398,20.982215969909944,154.61229561059946,138.81976352979586,174.0355285010371,1.929676041518732,1.722582800069964,2.1582651314024233,234.58113021889204,210.45021828035095,262.93901374485847,85.44603218985046,73.68179850156086,98.42035823172404,3532.8256450616745,2943.94166204303,4608.881399221698,1778.0517901912287,1368.15970566099,2267.030483911195,2.5453999810339716,0.9525337235674565,8.550414627941617,1295.0685626906686,463.3655021767963,4581.731927363078,1187.0526820289551,1066.5476224357571,1326.497649594543,100,575
BAU,15,2074,35.60298536885163,30.470225543615797,41.1993518930974,7.8326567811473575,6.703449619595476,9.06385741648143,9.79980271487621,8.692969681685085,10.871933203650865,16.94624013291544,14.993583666147767,19.060571318256827,139.88975326234154,124.06343957590414,156.8880384323866,1.7532051156564703,1.5401315920942051,1.9724279687113504,209.25397802456501,183.9625919815163,235.34344284537173,73.0049026645929,62.47318353611336,84.51548647967843,2969.9134928040276,2440.5668010579143,3950.293187242372,1494.6078616688362,1133.3395544829343,2018.4576087685673,3.1098089739329,1.0381176381308643,10.814351274614928,1594.3804248429474,503.2156806439825,5816.058210705591,1074.9745248776405,952.8339798695457,1209.3554465241054,100,521
Harvest_m25_mill,1,2004,236.1000581319529,227.49517099630276,244.44237703386506,51.94201278902964,50.0489376191866,53.777322947450315,54.31800744171319,52.622843094481276,56.08472062264488,87.19042040062779,84.68192280586314,90.08937649940484,718.3696578882435,696.7849335081171,742.4555262392021,9.076349044105068,8.789774129441593,9.387759017516753,1142.0882746752657,1108.7940564969022,1179.1918017559647,481.7130685226606,464.1240413947123,498.8276856508493,17790.48358058012,17109.592132316393,18550.910067955418,8461.853450129973,8045.130031834182,8934.9752426248,0.525707686058816,0.51652362168197,0.5335131539854809,256.7643258413646,252.8323032171559,261.05681445228686,5508.697705939366,5347.386351726083,5693.044865973845,100,2836
Harvest_m25_mill,2,2009,218.3471859945718,207.95695715075766,227.40533540621624,48.03638091880579,45.750530573166685,50.029173789367576,47.25967553945389,45.513165560571494,48.89243533265646,75.61689754015222,72.82957996229145,78.11712416846049,622.2021881131327,601.2679989218889,641.6397170774096,7.82982194065497,7.549981317206838,8.058818930158353,1006.2922175453097,969.9019298468163,1039.4890336770577,445.67989585175314,424.5320086091459,464.2408037169848,16687.697828201515,15920.55778463663,17366.721221420135,8079.258920841733,7639.507225730681,8546.59212866885,0.5681340586264804,0.5574290562397681,0.5787252798972649,277.7462905917216,271.8999991755867,282.76540714636235,4771.164622297917,4605.414233686808,4911.992808360845,100,2430
Harvest_m25_mill,3,2014,200.4537334234923,190.12983990678472,209.06412299101316,44.09982135316831,41.82856477949264,45.99410705802289,41.32390773703495,39.3828583906412,42.79097845541827,65.84878502494497,63.241380454859076,68.18019444879249,541.1156207316632,521.1506652266111,560.9054221211915,6.778829678230118,6.519642366641677,7.014991588020058,889.4004301774528,852.4056464076692,921.8285831720858,409.3448269595709,388.1327570501983,427.14739103840384,15618.612755445254,14778.364838781252,16308.10734556532,7672.393861273386,7142.174022848878,8179.415769343543,0.6071730451893373,0.5937325853811408,0.6194254552140948,297.0451218032581,289.6814709813518,304.4824044488333,4148.578076060083,4000.0974531625334,4293.067283519036,100,2093
Harvest_m25_mill,4,2019,185.17357273620374,175.57806135920157,194.12916812034013,40.73818600196482,38.62717349902435,42.70841698647483,37.06715568558494,35.28912626533218,38.61643708543327,58.82079037777432,56.349080506924466,61.1939796381087,482.45288298805525,462.24901231870547,499.5899605894747,6.017582240021122,5.771938106884365,6.253799434610794,801.9539712163545,767.8942982650432,832.9343571786774,378.296526835448,358.5602596727942,396.75513629311627,14736.672027672796,13823.612638663752,15574.143799712136,7366.354821258297,6801.113077083683,7890.452151564676,0.6445513164870944,0.6240496493543848,0.6632453201508773,315.6946382010026,304.8143766506207,325.57648473155115,3697.538962717961,3544.2553719865327,3830.7782787484157,100,1852
Harvest_m25_mill,5,2024,169.55967740030246,159.2422959453144,179.54426386948163,37.30312902806654,35.03330510796917,39.49973805128596,33.49076912039955,31.817681881034133,35.011550907907065,52.88443811098052,50.352212925007535,54.975113696705606,433.34849961529704,414.4913370592126,450.6693323319345,5.38094648687072,5.136290775912515,5.6103430287515454,725.4897033500558,690.3965416347481,756.609588480854,346.56884765670605,325.4715412927567,367.1125726833295,13778.669802712522,12921.319486726523,14670.686940345657,6999.979596784026,6355.829299130125,7574.1206517085375,0.6876263560837099,0.6521484330579872,0.7371231664417606,337.15771433206777,318.8394821199509,360.105747756575,3320.0138343257345,3177.448663852482,3453.4996849815134,100,1652
Harvest_m25_mill,6,2029,153.43592022486908,144.32058593249081,162.29648087439844,33.7559024494712,31.750528905147988,35.705225792367656,30.383251554621904,28.780645556384535,31.89805831627994,47.89705518376257,45.39061596316967,50.0686641611667,392.0746694324751,372.80362750894756,409.91119049467613,4.855836500899859,4.617218518941806,5.070958048562337,657.0255189918493,622.619278303421,688.5939760837462,313.7456215300527,295.0936663110002,331.80573648138886,12728.744110464568,11809.072048889899,13541.203384800992,6545.936030050969,5918.625263474175,7132.580370180287,0.7478243393261282,0.6902659285301481,0.9353310203693013,366.422236329608,337.50054948956995,438.01602152367116,3003.723491713377,2856.682132253547,3138.0044192434375,100,1486
Harvest_m25_mill,7,2034,136.94175377620428,128.368645686334,145.63500245270058,30.12718583076494,28.24110205099348,32.039700539594136,27.509942162316214,25.890042211295967,29.24016035470395,43.37227143612456,41.244390414511685,45.71739110853382,354.8669641943351,337.85860248081997,374.29175515493455,4.38753929101825,4.162085378868301,4.597718241844589,592.5874530022587,564.2414136164218,625.0797771329435,280.1499078515689,262.7582462187541,297.8210595349434,11543.67492174894,10588.997094844788,12459.446669062558,5996.948140547324,5304.106520966881,6526.165258911789,0.8172290027477341,0.7325220370162391,1.0083001445492203,402.3839116455749,358.5717433356422,497.60645183759584,2717.6342487343677,2584.1879000202784,2857.622269197939,100,1337
Harvest_m25_mill,8,2039,121.59048922414803,112.0170613000816,130.3374673778601,26.749907629312567,24.643753486017953,28.674242823129227,24.881593663475407,23.257841254026864,26.442778251052466,39.311067658205744,36.72733346922742,41.34258395949789,321.5770096254214,301.00051994326066,337.82095303616813,3.972824432912496,3.701215488248667,4.181645524232065,533.8323958531174,500.97341657164975,561.3267017961658,248.8355140944507,229.43697299547114,266.7747084261474,10403.834762269731,9560.066379374217,11283.780128896953,5424.201630121103,4809.615476724857,6063.221098941514,0.9280409449028789,0.7872517334890261,1.3346631599466983,458.729668149433,385.32865448107304,671.7556941362014,2462.2519704081055,2304.6258212287667,2586.982187739743,100,1206
Harvest_m25_mill,9,2044,107.54500174836308,97.71025514030421,116.26230424614818,23.65990038463988,21.496256130866925,25.5777069341526,22.458168842187902,21.166868923253148,24.315757194000298,35.594497868074136,33.241874731796685,38.06104356557178,291.3361452581988,272.21936909203924,311.4477471715036,3.597675155167647,3.3245709216903316,3.8360905514683266,480.1731316078088,445.4081562349901,511.53427646735133,220.1538735444704,200.08436725334133,237.99937228157066,9309.8494732714,8467.594597813291,10113.851984863235,4852.82071921157,4178.097764499965,5531.547682309266,1.0945197492919483,0.8283377167535716,1.95512596708208,543.5544673587418,405.9802627441218,1000.0159829566232,2230.027052507445,2083.1344937736876,2382.456220313706,100,1088
Harvest_m25_mill,10,2049,94.99245363844513,85.68605995563661,104.79896480320554,20.89833980045793,18.850933190240056,23.055772256705218,20.243100020776172,18.970598671599515,22.119810061027383,32.256237903228204,30.23150260744428,34.764476265313476,264.15060075513287,247.37257273499722,285.7249667400229,3.2629432902179407,3.0280994035612903,3.5092758909881026,432.059602136203,404.9926236966019,466.38606188932306,194.50368409808945,175.30868248817285,214.49945655540154,8323.525061418304,7494.9453006569,9318.108263612847,4312.522583021032,3694.2350390252177,5107.931143892969,1.3801925592331068,0.8895144081885736,3.3941752367917246,690.2603465464205,437.2020609597799,1694.119592918131,2021.6333515036056,1889.5248144074458,2184.794313442324,100,984
Harvest_m25_mill,11,2054,83.3382558743421,75.31181583228366,91.59493704628102,18.33441629235526,16.568599483102407,20.150886150181826,18.282933101095857,16.99509979272795,20.16828388351349,29.289277830236994,27.23165005830505,32.05843608848524,239.91212035962758,221.4451934255615,262.5864661818028,2.965963920769862,2.7327861686271664,3.2442105378778097,388.50288933992096,361.27811706479383,424.3851198597183,170.68462074388026,154.24317822652915,187.5183276829893,7377.363187935802,6583.5557626459495,8466.548270484971,3790.6007202436435,3224.608116540623,4627.652865354728,1.9779916057364229,0.9752570988251823,4.91844313488581,1003.2022440325221,477.0680874704492,2468.737292678108,1835.792613768515,1697.824738805649,2020.686377903718,100,892
Harvest_m25_mill,12,2059,72.7221822450753,64.34258757126577,81.67681485902962,15.998880093916567,14.155369265678463,17.968899268986515,16.5165109750601,15.32104863129166,18.22290202139255,26.644449263043537,24.60317259335879,29.12745489275954,218.46965383751186,201.2635229688148,240.2169576292876,2.70512579664912,2.498737564329015,2.9676473955577665,349.66646639126844,324.2374168959808,385.3376253561426,148.98600910655296,131.99767791262957,167.12442611944678,6463.169114965575,5609.414819149069,7462.400782382569,3274.4920109086097,2765.9776433583593,4058.900521401997,3.775788481991622,1.0239480878357818,12.166189193337782,1958.3651292395339,498.2917705560241,6048.8701391530285,1672.327321944121,1545.5638544926956,1837.3683312131877,100,812
Harvest_m25_mill,13,2064,62.97901246735022,54.61252260656991,71.27618389305435,13.85538274281705,12.014754973445381,15.680760456471958,14.853764737045811,13.673715772212503,16.63825837010922,24.193994915938653,21.90658382959292,26.775134436808848,198.6943443005405,179.93421872373176,220.27402752717825,2.4654181682486755,2.2453059705063145,2.7278962137950433,313.7814040024895,288.12047664896073,351.0110293446171,129.07171298454824,112.08178566870717,146.21028778092818,5611.823016251193,4722.014739723994,6882.521424217421,2827.167723193795,2266.5351733811185,3761.868268094889,2.9481411406028966,1.0592115920435412,10.579539284829096,1515.0250511847707,521.0865779162145,5672.514632189425,1521.3494520178065,1378.70220095813,1682.7676721320918,100,738
Harvest_m25_mill,14,2069,54.52473014844983,45.82350381143648,62.19380466074384,11.995440632658962,10.081170838516027,13.682637025363647,13.35992857676612,12.151973664857337,14.878113712620145,21.933872417409326,19.76112176692923,24.384217886494007,180.4016720548107,162.42183263576084,200.0209028599233,2.2432549956062218,2.027307720336818,2.4826178937384986,281.2428535386563,254.9922479230633,315.1096854170971,111.78253803569515,94.01334002936142,127.59477098205838,4845.824886004874,3837.4924246797777,5990.048869189278,2431.949782843031,1875.9532081616385,3242.3772388566745,3.806644842716123,1.1690392455513026,14.073397509007652,1969.830364294398,572.9231509652666,7028.199924837898,1381.8578450035586,1244.4309140284993,1529.2760261353417,100,671
Harvest_m25_mill,15,2074,47.22441802251054,39.36765184387846,55.06582800952606,10.38937196495232,8.66088340565326,12.114482162095733,12.043797830171803,10.816500757626038,13.448737634971016,20.01172913390692,17.99470059087246,22.30390987645503,164.8267859366051,147.30398966803307,183.49458165827588,2.0552935269557264,1.8429848197931684,2.2854009444000365,253.39661669575807,224.14419874783658,285.1149959274445,96.84118553213597,80.85223725869244,112.97751663909513,4131.681219934686,3264.3244834913644,5062.436821136506,2085.8657673647162,1548.0069787595894,2812.5965892152713,5.309649518051477,1.2672442178994816,19.847687230135826,2738.9814100245676,630.5228793361471,10777.87293205433,1263.1262681189826,1129.781711821217,1403.3520410842116,100,613
Harvest_p25_pulp,1,2004,227.86305481874277,219.3539725616405,236.06136565456563,50.12987206012341,48.25787396356091,51.93350044400444,53.69136590814434,51.97687677989515,55.44685159822872,86.03836082245199,83.38169839272244,88.8955955886573,708.3725634066789,687.0013208002563,733.4286116872763,8.94116477239303,8.65331042419858,9.2552672497787,1120.4900543757362,1087.9947924898197,1157.3852776271206,464.8955380262269,447.4875259831259,481.8337858917084,17150.899428811987,16444.94863350794,17857.213028853377,8155.961520150052,7766.126607721844,8581.174893859592,0.5175987804344905,0.5088687101229709,0.5279590747423674,252.84521203154273,248.42938248928385,257.98706730240673,5434.4385068292095,5269.743094498145,5623.200402683504,100,2799
Harvest_p25_pulp,2,2009,201.7047347343368,191.03249483892017,210.43515596974925,44.3750416415541,42.02714886456245,46.29573431334484,45.54714837110741,43.3808550460883,47.327514938236696,72.6562457027856,69.75042668685123,75.68695823491827,597.0496689773538,572.9860063539741,621.356720791822,7.495671569118223,7.200047730493849,7.838878240736346,956.8140156507603,915.5628001138089,992.8351423308086,411.6987696031103,389.994345230515,429.43840973376655,15375.007013461509,14477.577452727099,16148.624694769609,7436.886468057322,7000.095108155587,7878.074052680084,0.5525515151446584,0.5418354171419832,0.5632894274060122,270.2828927809134,264.7059716308549,276.08224559814624,4581.520507983926,4401.134934793601,4766.858616918039,100,2332
Harvest_p25_pulp,3,2014,177.17249947396527,166.8099779957188,185.20425836517632,38.97794988427236,36.698195159058145,40.74493684033879,38.789418659300566,36.654143123677066,40.44216772610294,61.66281564925108,59.1055502691693,64.49668907999501,505.528740750342,484.9361292899243,527.0517055600036,6.313951665472206,6.072568196703462,6.610245430600568,819.2934281954715,781.8564353500965,852.8203366286592,361.7732565681977,340.6077235681877,378.10740743168355,13735.145829100255,12978.8499735636,14498.819902938792,6731.74017028579,6301.311369948153,7277.523025192653,0.5829383561574502,0.5679603286077086,0.598630601169793,285.3536137007691,277.59416189804,293.5184910707784,3880.2799787403837,3728.734387594198,4048.6316806675122,100,1955
Harvest_p25_pulp,4,2019,156.9598129510765,148.0894052465163,165.26208441529735,34.531158849236824,32.579669154233585,36.35765857136542,33.860217506398776,32.05290585502512,35.35375591445537,53.59264078301801,51.32112560638415,56.10281649872018,438.8056546456206,421.21432413508177,459.65291384145644,5.453698345904529,5.234082281495775,5.737926034957093,716.1770327360515,687.6546454004956,749.4419883889609,320.6359586765816,302.6351710549857,337.625017301071,12407.341173681925,11562.6226637672,13175.404923388296,6178.838928150458,5717.577525783005,6636.807562870661,0.6103435622075265,0.5889165565839268,0.6362314360444203,299.070455993313,287.98291177528006,311.1515514784188,3367.760770389508,3237.1475542226217,3520.2559426038824,100,1684
Harvest_p25_pulp,5,2024,137.34772295084954,128.96827736739317,146.478409161807,30.216499049186897,28.3730210208265,32.22525001559754,29.69794021707901,28.050902006215644,31.230912251804792,46.93119630298938,44.536310199908215,49.40924052825315,383.9951027931559,364.62690882766753,404.2009000265025,4.755475820729036,4.533969553357382,5.007345821470647,627.5198191081664,596.5233132468072,660.9758875460627,280.7016697367913,263.5813344594725,299.24698666593315,11054.919877928343,10296.157842459066,11809.974158787547,5576.671360326689,5046.332680009585,6011.461987823139,0.6440557599439892,0.6090881116173565,0.7288952999332079,315.47016382798404,298.26819220707705,350.42442320363944,2947.212213593806,2802.7862799250715,3097.4078935214866,100,1464
Harvest_p25_pulp,6,2029,118.72022121712546,111.67616837339789,129.0535897396307,26.118448667767602,24.56875704214753,28.391789742718757,26.10181342076765,24.447930316853196,27.713032111304145,41.319265644222035,39.027199298257656,43.619933877782195,337.9155833432832,319.9034101613357,356.50966259118513,4.175018089056918,3.95406003033801,4.398109804072831,550.0982281379754,523.1738263472366,584.184910652778,242.74561242310995,228.20319083439045,263.89090164317696,9717.080939285708,8977.596956019892,10655.202228750662,4946.995419313365,4495.509165865316,5523.462269628211,0.6819664000055082,0.6277847443948278,0.8766305499667891,334.1319927359845,308.13829953270744,426.3842251980418,2593.573205965586,2457.956013630639,2735.20547719128,100,1280
Harvest_p25_pulp,7,2034,101.37003075722544,93.07192639889655,110.2360583699164,22.301406766589597,20.475823807757237,24.25193284138161,22.852666407685035,21.369653718277434,24.328085116379498,36.38105405036582,34.19344039323251,38.57683578907808,297.55859599651626,279.8598109199417,315.24613060252864,3.6742332644469125,3.4522928602450293,3.893954437362079,480.40278414634275,451.33034633359694,511.34112765733414,207.3599254698238,190.53473245452426,225.56833912643336,8384.3074519618,7648.63772406697,9262.709874951786,4292.341386677457,3722.7472256458304,4871.355439775694,0.7284247816690842,0.6498343751703156,0.9028280117673884,357.4796832733164,318.66962404336505,450.17143308279424,2284.12591491532,2144.4300884032646,2414.6503467743496,100,1121
Harvest_p25_pulp,8,2039,85.94237947413106,77.13360900031154,94.58100417688172,18.907323484308833,16.96939398006854,20.807820918913983,19.94736768616939,18.342684852157358,21.378300719439203,32.054687145184154,30.090163997709467,34.608615799652114,262.2859962829327,245.46620108108306,282.89448578404586,3.2399380941846236,3.020853444978833,3.4770797185534175,419.0049427577193,389.1916954134752,449.5990952091221,175.87648112964254,157.8611314376642,193.39970477410063,7153.1308289997205,6272.252832195163,7965.985162415227,3688.5071809999495,3187.7906524054624,4398.85833708127,0.7877728978154709,0.6769977566837959,1.2183434057669587,386.98948774930625,331.43033934532133,602.6262811536111,2013.2563167075998,1885.9645359389697,2169.0710514877355,100,983
Harvest_p25_pulp,9,2044,73.28351137240493,64.75053579834234,80.5479040031966,16.122372501929085,14.245117875635316,17.72053888070326,17.44411317222167,15.857697081785101,18.905159663506033,28.34684331658953,26.17224914528663,30.644137040837357,232.17721967238703,214.15998885245205,251.04210600803805,2.8702962217876276,2.630252907973699,3.0819102550306923,367.1819273482834,336.22999010565326,399.5576297210248,150.0045822649857,132.59812580923054,164.77836489779554,6159.440209809782,5319.241825244654,7119.802139069212,3167.70722398646,2560.325275072126,3927.6370635414523,0.8909442373124339,0.6960367038076896,1.3543934521480667,438.6183135030763,342.0596451200912,692.1077218778014,1782.2154547279756,1641.2283289258069,1923.6537364993385,100,867
Harvest_p25_pulp,10,2049,62.47769081013956,54.1716945316322,70.03884431494333,13.745091978230704,11.917772796959085,15.408545749287535,15.313087839878072,13.551263614707816,16.761190779641712,25.226059251524696,22.434265082814214,27.538517071241237,206.87941739333732,183.984237807886,226.1672002824999,2.562624362501254,2.271638204389938,2.7979538201055214,323.435601364537,286.3190208271965,352.9838761302658,127.91366834255493,110.8369296099851,143.34704113489815,5286.357653400335,4489.201533809421,6078.557274380184,2691.8889915494688,2119.5362602125097,3349.6787669613905,0.9636109279946641,0.7288619061523693,1.645982466119321,475.0753913305934,357.39121514370527,839.863049023319,1588.7749603388881,1412.7367221830732,1734.7515984225704,100,770
Harvest_p25_pulp,11,2054,52.922504695387055,45.5928268070045,60.168419836268114,11.642951032985152,10.03042189754099,13.237052363978986,13.47084988905939,11.958427093552555,15.000769650209314,22.525649478711003,19.71426869440285,24.8119870333232,184.90860334522867,161.19777086409738,203.31194999488253,2.294786345127597,1.9973720007159055,2.5338428236282367,285.17036164991396,249.56998127327103,315.5697582958058,108.37689987165382,93.33925715488063,123.30025098522746,4477.100361957016,3738.520112671882,5231.120900202477,2272.94710771925,1815.6494427816679,2972.6810321560934,1.1328600767139758,0.7397957329650346,2.3197782336928903,561.1515045065213,360.36943649725094,1212.2599381428172,1420.2969690418113,1242.5689274367774,1564.6004756159268,100,688
Harvest_p25_pulp,12,2059,44.691657144920946,38.73094991879361,51.253945767904966,9.83216457188261,8.520808982134596,11.275868068939094,11.86996406223217,10.562719938749439,13.357216168134993,20.165384686042426,17.87387580175679,22.503137094242064,165.8721302061013,146.22788096349538,186.1294361180312,2.064558593514867,1.8167095597126064,2.3174772633034912,251.92855474441797,222.44224390106478,282.4434287019024,91.54808353466476,79.38782624827326,105.11520021196648,3761.4252798538137,3069.0521524945193,4537.200493848506,1885.5769608919504,1506.8802407374737,2467.8103568368806,1.2270007293638425,0.7790845175204356,2.6710800393215086,612.5482821667385,375.1519229670519,1351.2280138631618,1274.518699247309,1128.2261891138492,1427.1655033342909,100,616
Harvest_p25_pulp,13,2064,37.726742328548184,32.260514380246775,44.05467530883309,8.2998833122806,7.097313163654292,9.69202856794328,10.423351825456022,9.239700764885717,11.8124182156728,18.07700268887763,15.88422948902323,20.3568898661752,149.14267212724977,130.77025025484517,168.80979559487602,1.8639296552596987,1.6324051988607104,2.104999898412432,223.06415790555172,196.7804925137709,253.6149176908622,77.30604454817433,66.03465988086023,90.38473264760475,3128.90947561176,2550.733171456982,3816.829997851872,1574.0520436921827,1223.1873814093965,2087.587635131629,1.5089856977967346,0.80247763878764,3.77076977082701,761.9847228886645,391.99809786515596,1910.8497424036764,1146.607133576265,1011.4678092062518,1296.3402586046461,100,553
Harvest_p25_pulp,14,2069,31.931697515186592,26.282718810218935,37.747643809329205,7.02497345334105,5.782198138248166,8.304481638052426,9.161642166225047,7.901738652806822,10.65396937166581,16.21975539644698,13.913220937420592,18.51063105759187,134.15279247657662,115.47286194739681,154.12255780731255,1.6832207275763955,1.4418601113782752,1.9368088259498606,197.82298388851063,169.9837899649003,226.12131324556827,65.45577803304822,53.88463508929717,77.39653963334297,2604.701371012781,2034.902243728171,3238.221367179271,1301.7247892394391,1007.7233880652534,1826.8603292129997,2.106755230478381,0.7981272356474193,6.396736886122289,1082.6068980663651,393.1568441228676,3385.5733554893386,1032.1821236397159,891.9771803852552,1184.8324293131936,100,498
Harvest_p25_pulp,15,2074,27.279826999626863,22.532314238438445,33.42235002209402,6.001561939917909,4.957109132456457,7.352917004860686,8.071818517473947,6.873441103392835,9.325946221363061,14.61716063309776,12.310926819021219,16.57157206820895,121.25071324244331,103.12298749879194,138.79028249884698,1.52820994624613,1.2958458048581014,1.7568288534416063,176.51492053990424,149.92405228581194,200.74729169498724,55.94522167694442,46.220223129985875,68.58833378435548,2174.3058169618885,1706.5064485108192,2812.2726988487993,1095.8805837152124,812.4577738875295,1587.0969242342926,3.303001865929917,0.8091563654147162,15.359061761932972,1741.6185792716085,391.05381581326503,8338.66925585677,933.6875548854763,801.7794372607187,1070.0415754881915,100,450
Harvest_p50_biomass,1,2004,223.99803558609483,215.04576303297338,232.6583551512585,49.27956782894086,47.31006786725415,51.18483813327687,53.389447589020875,51.60151775742814,55.17474664907418,85.47204928356668,82.74115036687544,88.40699991963882,703.4704459806351,681.965225912632,727.5238915168961,8.874090286269062,8.588359128924749,9.18173817838254,1110.0955350357235,1079.01675042582,1146.2293712883745,457.0009848358266,438.82892524035736,474.78779781257424,16850.796591630806,16145.25811864889,17601.79120515954,8016.591056482508,7652.189551793725,8512.699770454348,0.5137443227282701,0.5052990018194415,0.5231050201619147,251.00119006226205,246.5848495878176,255.88478224374217,5398.131611969655,5237.102052309048,5580.224331327998,100,2780
Harvest_p50_biomass,2,2009,193.67870711749592,184.02135558646808,203.4305076366054,42.6093155658491,40.484698229022975,44.75471168005318,44.624594859056536,42.72550814541701,46.38161803187252,71.18883661057527,68.67766839726966,74.38287133200387,584.6535857189809,562.7474027098673,608.7849958464703,7.333216188676446,7.049707775401786,7.6508373065581345,932.3670923474385,896.9054361785927,970.8515825948282,395.2989727419273,375.57615355731787,415.2073640245065,14737.274916821776,13992.790450062957,15525.168450194586,7120.645364361225,6688.875388676989,7619.326788874066,0.5449138635125526,0.5311282484669861,0.5553285490385629,266.55545671466825,260.03416165313644,271.8846559521367,4488.605323831865,4322.419140159365,4674.614109202699,100,2284
Harvest_p50_biomass,3,2014,165.90906324924586,156.83336639485657,175.17807898107532,36.49999391483409,34.50334060686844,38.53917737583657,37.415253121754134,35.362243727097876,39.027189951521486,59.55694437856301,57.155310284557146,62.47974306664071,488.0824349814019,468.15276938818386,510.6656348603424,6.088218017897779,5.841505364299717,6.369533639137668,784.8085183104406,749.6805771416177,822.7119442212769,338.7632878304158,320.22033218528526,357.80123469269216,12825.939779573468,12131.199390042977,13538.937554395598,6277.643158738575,5858.914046547596,6745.989491748857,0.5695171716538189,0.5557952423780623,0.5825141448940845,278.84207376061175,271.7359561627659,285.31289937493807,3748.564390127958,3605.8459408490016,3924.295364117955,100,1889
Harvest_p50_biomass,4,2019,143.41218394142803,135.05576580637813,153.11077259750968,31.550680467114166,29.712268477403185,33.684369971452135,32.08369934175324,30.322999440529887,33.81088436725818,51.04383445209611,48.69673597433562,53.959164893622926,417.72482115247806,396.7938755539873,441.6046681673969,5.187480965631117,4.914956944468232,5.480023869836852,674.393545057595,640.5432350059432,715.8689812270902,292.94169448670294,275.8659015076588,312.8017566273241,11285.747502666249,10571.137749304955,12140.478799853528,5602.931996749232,5147.017003211527,6080.365505585947,0.5912870882130746,0.5706603446609473,0.6157736362382444,289.82166378055126,278.55131958795846,302.37657317519364,3209.4902459607265,3054.947611023479,3394.9235378279814,100,1604
Harvest_p50_biomass,5,2024,122.53474692286369,114.44214322755262,131.46483247008683,26.95764432303001,25.177271510061576,28.9222631434191,27.712305401321967,26.018575105259192,29.412733536490464,44.1733658527985,41.661200711754965,46.78549864478441,361.2131739666163,341.3264170762079,383.13900236113614,4.470061911770902,4.1987003182816665,4.7378580807590005,582.091784180401,550.7569601978755,617.6330924452651,250.39412515339535,233.8400958202298,268.4592620410598,9797.94089647027,9146.737907492305,10600.75192286294,4913.394224354638,4339.720452917616,5363.2008732239665,0.6127048652066445,0.5787189048847947,0.6543585034504034,300.50907165923365,282.84365591637425,322.5474516373781,2776.508176349051,2623.1691340062785,2940.207436585347,100,1377
Harvest_p50_biomass,6,2029,103.37273726238026,95.44037095480493,110.92803019277693,22.742002197723657,20.996881610057084,24.40416664241092,23.896864784874616,22.18605997530043,25.70282572540102,38.27531550292074,36.00612244090466,40.76022401926474,313.0319283134839,294.20164115753215,334.93937151146736,3.866982702001695,3.6312414155887276,4.119874345857162,501.2457414395405,472.18134076379056,536.4557476487355,211.33261192630732,195.05673089254412,226.75173692801627,8379.571704022637,7632.340411057437,9145.206575931232,4230.806239707219,3743.9971734908586,4665.059071831634,0.6476606761445705,0.5960406315617839,0.7393508022569204,317.9641621057649,292.35261957739345,367.7938092179826,2405.878233370392,2262.3784981884764,2571.7666277057306,100,1185
Harvest_p50_biomass,7,2034,86.55111624386052,78.79068454006855,95.01696836499595,19.041245573649313,17.333950598815083,20.90373304029911,20.581864024841288,19.02460575195008,21.908900194933292,33.308385141067475,31.041358085242447,35.744500185090345,272.57543820456465,253.90343714953408,292.8787619799005,3.3676520232282288,3.130453175636582,3.6180505952110273,432.0800888647823,403.2833975408468,464.4778290485905,177.01875254523085,161.0872661716611,194.29244536698056,7076.815497564366,6378.80066914368,7880.4768480690545,3600.1745259208424,3153.7575194101273,4055.037775551501,0.6806405752636251,0.613934916299226,0.8547166619604345,334.7034513767574,300.1843827478254,432.29760391707373,2095.678722580563,1953.7729782712004,2252.603826014906,100,1026
Harvest_p50_biomass,8,2039,72.1461753969111,64.86906843599094,79.90355424969289,15.872158587320442,14.271195055918009,17.578781934932437,17.75497947853837,16.182847865154333,19.221518034299066,29.104254290036774,26.89476107048634,31.149569283594296,238.44623954919984,220.68770674620555,255.77064321012438,2.948149410083534,2.720220664922618,3.1728069511934462,373.2010012095157,345.4161044242303,403.3108818271611,147.60619359156462,132.6034234207948,163.50986097318315,5922.216851654273,5308.024415374792,6660.96804116032,3006.4569487968874,2642.515842611332,3510.018343906152,0.7519808785560929,0.6234379970034863,1.2229350585145093,370.4046443136639,304.6381552559093,626.3273206989961,1833.6138890727175,1694.4691452354932,1964.9277168932906,100,893
Harvest_p50_biomass,9,2044,60.44036619568454,53.594716580626326,66.67258476022866,13.296880563050598,11.790837647737792,14.667968647250301,15.296446509923527,13.735368085201443,16.566787489724565,25.50020636365235,23.37708702952878,27.737244900794966,209.22692176447606,191.86849657876002,227.39480773310697,2.592867676195636,2.3784899447825825,2.8165660191506507,323.42700944496494,295.0234921205637,350.2641514066088,123.70317828525222,109.6449670660013,136.51304232464315,4967.2049187356215,4317.0152564154305,5570.6229259635165,2516.919396340254,2162.2667032143877,3017.2712671790687,0.772316552729812,0.6285308207129823,1.2481079463453315,380.2542577362562,305.86288416390397,626.7281336407125,1609.6574256275421,1472.7029090438402,1745.5812448467816,100,780
Harvest_p50_biomass,10,2049,50.536499934129154,44.434764715911996,55.76207282464934,11.118029985508414,9.77564823750064,12.267656021422852,13.222263100348941,11.920519592670523,14.342123464324018,22.48054254350393,20.385358865099988,24.32532023742253,184.82295697442572,166.90677055729702,200.75275735402425,2.2977653276097842,2.0770615188821067,2.5029041170217514,281.81627632662054,255.06285806420112,305.94671892465294,103.46105096121575,90.92452922989389,114.1395908081877,4117.621581320376,3549.8702853960785,4745.624136191645,2092.0265159969495,1748.6278674645887,2463.8820254625693,0.8709347778390122,0.6319889772598236,2.0128147003309405,431.21921239539546,309.309307535077,1047.269684343681,1422.4076038385888,1283.1796299935354,1540.7815449984787,100,688
Harvest_p50_biomass,11,2054,42.368696408081846,37.034150399469794,47.53785810121212,9.321113209778005,8.147513087883354,10.458328782266666,11.462519612520968,10.282046850127262,12.603963855671314,19.92700501750979,18.132876063277394,21.921106997680944,164.33202135041915,147.84354707334347,181.27475900645896,2.0502323258996102,1.848225778522526,2.2701399462998184,246.85979102857283,221.34866151456453,270.7494782110176,86.7618906682746,75.86341063905431,97.37621149947579,3428.5126622615753,2872.812569305961,4028.2958968049206,1733.4078994515637,1427.6982323465265,2048.696057827227,0.9949256397739754,0.6448546940301758,2.3983960961769055,498.0490540158217,313.6619275635893,1185.2290055491494,1264.6051776315628,1136.0366773787287,1391.6147212862625,100,610
Harvest_p50_biomass,12,2059,35.34591725825956,30.290322505877967,40.93277397842883,7.7761017968171045,6.663870951293154,9.005210275254342,9.9313108124394,8.723180504845637,11.001299383632354,17.67252820546591,15.89826066673622,19.72438215134934,146.08301464628087,129.87406241174054,163.9831963259325,1.8294141812216007,1.6283022067162212,2.068055417644716,216.17341338925934,193.34105193243772,238.8108272241182,72.41436026391563,62.08996134816408,83.83909257831823,2817.22880886747,2343.878831345884,3413.884102135931,1421.7956675861474,1165.3097746651588,1769.7627253304631,1.259445034891745,0.6475164431999408,2.443292030878901,640.5545300588678,314.24761693259836,1288.1311578504697,1124.4346308552613,996.8929392425339,1262.6781089738406,100,542
Harvest_p50_biomass,13,2064,29.68964421172662,25.358843901552348,34.042593088270294,6.531721726579857,5.5789456583415165,7.489370479419465,8.665070786452318,7.613545609330055,9.73951262134553,15.796826145378402,14.158961324563402,17.73792765533556,131.00678241787455,116.78501765088157,146.14146731170212,1.6469663889798747,1.4657028522311328,1.8513863643063657,191.03130996421527,171.3800963669534,212.79811471480156,60.85005862497175,52.00514190442858,69.67622692029664,2325.369512731853,1892.4647950863055,2887.179790635235,1167.920052557676,913.5677517520166,1491.679604224667,1.5244433289239139,0.615075825135183,6.073451341512073,786.0473760147195,298.76179218114487,3272.6503115719424,1009.1279874880057,898.5477140972732,1132.2104594721172,100,485
Harvest_p50_biomass,14,2069,25.34220676122574,21.32094396112388,29.880325649272656,5.575285487469663,4.690607671447255,6.573671642839985,7.568264091534423,6.576981271257053,8.563757774659003,14.189034578054764,12.211182617770522,16.177780695264644,117.9863534642855,101.18972771374598,134.53686814452772,1.4905890449853214,1.2763371693234729,1.7077771845367662,169.98672701450198,146.5768240881911,193.22250849322418,51.961319106138355,43.771615337142954,61.22898756016899,1942.4701837609095,1534.112478377045,2377.4237499211695,969.9658625242329,728.325860568392,1247.4394243580202,2.8671303356156623,0.6297559298952713,13.818878923736131,1518.6776055758223,303.56078346253855,7510.353747949798,909.3762977630466,776.1192900473432,1043.5609026181771,100,436
Harvest_p50_biomass,15,2074,22.1809303318929,17.600569903567695,26.35670224349259,4.879804673016437,3.8721253787848933,5.798474493568369,6.706316963186447,5.786956038393175,7.6192310134718575,12.89459078392186,11.133480701327226,14.78075985438428,107.57645041741866,93.84519288772933,123.38543317727142,1.3651628005842822,1.1901168521283334,1.5656909841579028,153.48600237356496,132.9115726461666,176.74295268748045,45.495945452910355,36.084823324922375,54.01364821896949,1669.2994150026516,1313.8440846054837,2062.7248136499184,827.2812973237446,617.2022248107845,1097.9690314609327,2.1279687677343104,0.615016943030392,14.085341261415284,1110.8546351459788,298.86753795409277,7655.209054299878,829.208510859797,717.9653209007906,951.3324625396147,100,398
No_harvest,1,2004,248.22898825769443,238.1301918846081,257.2116494336061,54.61037741669277,52.38864221461378,56.586562875393355,55.23029061039372,53.40282054698404,57.04143186643001,88.91295781336936,86.15323109296608,91.73494205477431,733.2818799346321,711.8401409607966,754.5854547662873,9.27869894554706,8.991075519449938,9.589221568973139,1174.1894590175164,1137.6705313219238,1212.3779404567513,506.48282121443344,485.8366314461688,524.9382136146977,18722.595775717167,17938.721364535428,19453.919641179607,8900.50655017324,8437.693137557759,9352.351531830187,0.537184332427006,0.5293222607673516,0.5454199074624535,262.2684749462113,257.908907601934,266.43480847116075,5619.067578684457,5455.2848069889405,5783.3298986978325,100,2892
No_harvest,2,2009,245.27276709135117,234.37576939183938,254.95421485031073,53.96000876009725,51.562669266204665,56.08992726706836,49.99675431569623,48.0518856412386,51.778736147063384,80.4104267997185,77.3439811395332,83.23372258052657,662.8926726848363,638.4597999382028,685.975411112158,8.365414279354276,8.073506786054077,8.681663112119423,1087.051753758391,1048.9816562715469,1124.2211966975406,500.66762754602667,478.44283622391174,520.6527000500463,18811.049798519314,17930.54701165179,19557.738006475003,9110.613238230399,8599.571951869595,9607.321237533772,0.5902816526497124,0.5793401004103391,0.5995772145294214,288.43276129098365,282.9005884543798,293.5807212498503,5076.783965861538,4894.720184492056,5251.507207354572,100,2587
No_harvest,3,2014,240.4702198307618,229.03338376417133,250.71394464237196,52.9034483627676,50.3873444281177,55.15706782132183,45.517502366868584,43.704148155796034,47.24101957981436,73.08770293153589,70.45281670188578,75.82788192825217,602.1851611583256,581.2306486146775,625.4640994304474,7.576319376044907,7.321807823294343,7.868728720046109,1010.2513700398631,971.5249305865927,1049.353534622002,491.0977907168055,467.66217109883416,512.1369210774184,18850.77713195092,18023.50937085401,19677.599289096357,9296.816332452574,8723.18556552308,9817.2194885428,0.641215711867813,0.628151160697876,0.6547427208598886,313.4761908564594,306.38124909659433,320.8191837896162,4608.225914532585,4453.510813467485,4789.781982964126,100,2326
No_harvest,4,2019,236.57826946459133,225.20635662408358,248.1368246131022,52.047219282210094,49.54539845729839,54.59010141488248,42.34973750301949,40.421935091398225,44.083920494451434,67.92557697939755,65.16103903719382,70.51940944740213,559.6383371357384,538.3403971070921,582.5094443756452,7.0206576185544725,6.752022184929146,7.302137696670161,955.7870544697518,917.3981683477176,994.1481283418974,483.35838603362475,460.05147400192726,507.0686996861474,19011.688368796073,18083.290974391653,20047.408444437173,9563.495118263303,8833.98690514139,10225.294899634453,0.6935172708262023,0.6708049640561609,0.7313465841841351,339.35418353008293,328.3121518831626,356.7756810537399,4279.613915660653,4120.678590727557,4455.232152648852,100,2144
No_harvest,5,2024,230.91088455722328,219.19671761424743,242.13632402368506,50.80039460258912,48.22327787513443,53.269991285210715,39.83941861060632,37.96337539192952,41.556557861896536,63.787642993486095,61.03099690834202,66.31053426744464,525.4717048715759,503.2879764497354,545.7897616817988,6.571840221083756,6.3029475263653545,6.828883892663502,909.1786671415834,868.1523736519425,945.7292694906016,471.9962187708302,448.0885210801569,495.22627844583764,19035.452160114037,17986.805394487114,20225.787185297697,9748.589165299643,9075.642815384817,10515.779754656913,0.7580682770161649,0.7214539853425828,0.8480663486313602,371.1380362291606,353.38311901434304,412.5483859668032,4015.4878382591346,3849.5444575987476,4168.0673072584505,100,1997
No_harvest,6,2029,222.92575986895167,210.72927689715982,234.90216960077444,49.04366717116937,46.36044091737516,51.678477312170386,37.70817269709628,35.974904833104695,39.50092480158942,60.32284500510806,57.79704713450228,62.940627069884,496.9043156310354,476.51152324797266,516.7155977058145,6.201915257106717,5.959660903843954,6.441813641206065,866.0337145726539,826.0852547958666,900.0906024367695,455.88050628561797,431.18048419161545,480.37097197406325,18847.283438195518,17575.64215898609,20097.199018368003,9784.300333316203,8983.675449199818,10677.262921990718,0.8533272247814551,0.7809709894027479,1.18435211430543,416.97823284966506,382.9603066210282,569.9355567368913,3794.8622855345625,3642.4580318399476,3939.103909002549,100,1877
No_harvest,7,2034,211.84360839779313,198.20737528567798,223.75088489880216,46.605593847514484,43.60562256284915,49.225194677736475,35.563905548627574,33.720190158509055,37.34003314674069,56.897341674424176,54.223530425690754,59.765077641979175,468.5417380687456,448.05141305614063,489.1744191030077,5.839578090696315,5.581286674750009,6.1016276835481795,819.3734676684511,780.6795311910146,858.7214833877686,433.42960266118666,405.5386928658336,457.76567055272324,18292.88566186923,16976.88258042918,19669.078145007305,9625.720733484524,8624.325311215824,10635.880324382348,0.9853237067486063,0.8356004082796211,1.624584736954325,479.1385915805005,410.3962286932383,726.4901660148187,3575.9776021404887,3420.7708680852525,3735.0345355634413,100,1758
No_harvest,8,2039,200.18573597668225,185.96955618069387,213.53590607272136,44.0408619148701,40.91330235975266,46.9778993359987,33.50809028762282,31.6256706707049,35.23519845217466,53.673600245766764,50.866979953533736,56.55007921081475,441.8832976177203,420.74707856100434,463.5992935314141,5.506177965387916,5.247603066135744,5.7778923755064016,773.1509112981253,730.5639574721797,814.0410947526489,409.7415181856384,380.66780447247083,437.224572052387,17626.192223675127,16200.03948017316,19040.066945373168,9338.150876478787,8232.28085658677,10449.146249063353,1.1992129045849225,0.913645630662543,3.6721125438498374,579.9624777613195,448.37406358101737,1623.4004039189304,3370.8036314126357,3205.1640790272245,3534.1719683877322,100,1650
No_harvest,9,2044,188.67791432001982,174.38075206989248,203.4518961512696,41.50914115040436,38.36376545537635,44.759417153279315,31.471024940101874,29.581395763909647,33.183452182051155,50.476502631467675,47.844606693119964,53.13178442481088,415.58101301002245,394.4317705672095,436.98501573801167,5.179515956283656,4.922557110552605,5.457463581335476,727.3664444604456,687.7051423440455,766.5529064213723,386.32273134441,357.1372793825575,416.53545027287487,16944.85459978703,15523.050542411238,18479.688727662447,8976.285820239696,7818.1434675887185,10238.793161191326,1.3368330224524447,1.019558118485395,2.1033820759954915,661.4510366229819,498.8302328125089,1034.197882982558,3168.3006063073058,3015.131732015041,3333.073819007985,100,1546
No_harvest,10,2049,177.33460739003783,163.14413295792525,191.85398543088016,39.01361362580832,35.89170925074356,42.207876794793634,29.55235473302321,27.94949488964225,31.284535458145676,47.448696923154955,44.99596218553746,49.97880618666328,390.7481819332977,371.63370100691253,411.82851298756475,4.869202267572401,4.636289558367203,5.135155867656975,683.6222620084187,645.8366755484028,722.6483841774523,363.2055530851114,334.0984575680402,393.10638702631303,16260.497538761389,14833.749948767787,17748.472703730764,8564.576091040202,7324.719037724267,9767.633664090234,1.804015686640654,1.1269545062064474,3.6689466569569174,904.0915000742926,552.0583978414197,1929.4479260101248,2976.9441882716883,2836.2695886394595,3139.6047597631414,100,1451
No_harvest,11,2054,165.52220927058167,152.46577703676067,179.75158518277334,36.41488603952797,33.54247094808734,39.54534874021014,27.7444615841369,26.022161101732856,29.600100942005724,44.57140048417941,42.03671992078354,47.32907011013975,367.1176201388372,347.11826246045854,390.13048188709274,4.573711800512039,4.335693177518326,4.853728396302139,640.9510152223304,604.9962315675567,682.9234245350453,339.10085849062773,312.1205343099328,368.26701219721434,15494.376404295697,13879.70195035941,17267.678901478506,8057.452173458054,6822.155876169586,9326.008016887718,2.780264071436681,1.358766240985339,7.957674686348007,1411.6658213196565,670.2601638694669,4263.6346613841715,2795.3394337156524,2649.4082781039165,2968.138041534855,100,1361
No_harvest,12,2059,153.5425068658562,138.74199032112068,167.4388217986312,33.77935151048837,30.523237870646554,36.836540795698866,26.08483468792632,24.239863496533946,27.789533232415014,41.91601312872984,39.5121776603635,44.67094661698927,345.31446818388747,325.52794830161827,367.26109574467625,4.303120237126157,4.063116208049552,4.5639739073388785,600.1406205068804,565.1227963627268,642.5353679673684,314.6516488228074,284.27911991459854,343.2828037755521,14637.912726087508,12823.133414211765,16556.48225666408,7523.081840798928,6275.9397319973305,8880.758053368058,4.174171410264276,1.528322861309967,10.789998951851874,2136.6476073964873,757.6424805674892,5558.269059845598,2627.9981555048407,2480.6728937642397,2784.5961687201766,100,1280
No_harvest,13,2064,141.28285375080122,125.96379430356431,155.18822709327983,31.08222782517627,27.71203474678415,34.14140996052156,24.5369848086087,22.616797376218297,26.22201985666626,39.42919283051949,36.922047494411565,42.0896470914215,324.9871390599471,304.07700448746186,346.66811903195986,4.0517447713984405,3.8043508222390434,4.312525446994231,560.7099130573907,525.8728177548985,602.7575907459989,289.6200729895401,258.1786235006876,318.17947437663577,13628.40453213568,11865.268402491965,15903.748469709393,6947.427196368767,5713.511875076388,8505.542378702494,7.477846411309748,1.876926951152865,30.712403557991088,3849.9701665274724,930.2279905081081,15440.668401560775,2472.1513031312575,2314.0866585177528,2626.4611247929397,100,1205
No_harvest,14,2069,129.70043746841742,113.50219179082384,145.08607575266888,28.53409624305183,24.970482193981244,31.918936665587154,23.136870695504665,21.186300001278134,24.99631312251788,37.18360256486921,34.54277439699074,39.85918061610208,306.51158585842205,283.6323169191152,328.0585394534527,3.823195494244838,3.5588274514213842,4.098836952901156,524.2440333028652,488.99149202232365,565.8490038531031,265.9560882244179,232.7092967459547,297.58584422551735,12593.274112141926,10546.98555531631,15410.147537455892,6369.321759290338,5138.48214481228,7994.574826915237,13.938021060733657,2.3300254413933583,64.38980864889034,7143.460062564889,1152.6653462403772,32602.692388919888,2330.7561077509176,2162.577310714918,2490.6744049863883,100,1136
No_harvest,15,2074,119.19696107371107,102.49749613385453,134.48664185066036,26.223331436216434,22.549449149447995,29.587061207145286,21.89588594960045,19.944437428327056,23.67376866963204,35.20320724242356,32.48993019963416,37.87747306419012,290.20307676370516,266.8921187834108,311.4546622351207,3.621628167197778,3.352235131860712,3.8939060953403453,491.68433268279483,456.6923878988707,533.3786091259001,244.48751886457106,210.27791994725783,275.8308422634927,11614.78993702909,9461.145025260821,13629.575893371617,5809.358354364464,4561.319436734089,7380.800394656684,27.20592402850502,2.947104869017532,157.02376779348504,14182.750032829701,1483.0272639976042,84931.65814336458,2205.960134750336,2034.5829446998055,2366.3948179006093,100,1075
