STATECD,COUNTYCD,FORTYPCD,n_plots,sdimax_metric_mean,sdimax_metric_median,sdimax_metric_p25,sdimax_metric_p75,sdimax_english_mean,sdimax_english_median
9,1,503,9,786.1,747.8,635.1,912.1,318.1,302.6
9,1,505,3,770.6,713.7,724.1,797.1,311.8,288.8
9,1,506,1,832.2,822.1,832.2,832.2,336.8,332.7
9,1,515,2,1151.5,1136,1083.7,1219.3,466,459.7
9,1,517,1,941.8,934.8,941.8,941.8,381.1,378.3
9,1,519,2,716.7,781.3,707.8,725.7,290.1,316.2
9,1,520,3,746.4,669.7,715.7,767.5,302.1,271
9,1,701,1,978,977.2,978,978,395.8,395.5
9,1,708,1,944.1,959.4,944.1,944.1,382,388.2
9,1,801,3,833.4,853.2,795.3,864.5,337.3,345.3
9,1,805,2,643.3,619.2,586,700.5,260.3,250.6
9,1,999,2,853.4,819.5,815.3,891.5,345.3,331.6
9,3,103,1,1620.7,1635.6,1620.7,1620.7,655.9,661.9
9,3,401,4,1093.3,989,888.7,1158.9,442.4,400.2
9,3,503,11,1020.6,1013.3,915.3,1163.4,413,410.1
9,3,505,3,805.6,875.6,741.5,906,326,354.3
9,3,506,1,1407,1557.2,1407,1407,569.4,630.2
9,3,515,4,885.2,817.8,730.2,1025.4,358.2,331
9,3,516,1,586,699.4,586,586,237.1,283.1
9,3,519,4,740.7,671.6,651.6,746.3,299.8,271.8
9,3,608,1,960.1,935,960.1,960.1,388.5,378.4
9,3,705,1,473.8,461.6,473.8,473.8,191.7,186.8
9,3,708,3,848.9,897.8,792.7,907.8,343.5,363.3
9,3,801,2,648.4,692.7,468.6,828.1,262.4,280.3
9,3,805,1,1106.6,1041,1106.6,1106.6,447.8,421.3
9,3,903,1,439.2,428.2,439.2,439.2,177.7,173.3
9,3,962,1,644.7,633.4,644.7,644.7,260.9,256.3
9,3,995,1,602.1,545.9,602.1,602.1,243.7,220.9
9,3,999,2,375.4,367.9,294.6,456.2,151.9,148.9
9,5,103,1,796.6,760,796.6,796.6,322.4,307.6
9,5,105,2,1161.1,1148.5,981.3,1341,469.9,464.8
9,5,401,5,977.1,1043.3,814.2,1100.6,395.4,422.2
9,5,503,23,933.5,773.1,589.3,1183.3,377.8,312.9
9,5,505,13,876.5,801,701.2,910.4,354.7,324.1
9,5,506,1,913.7,903.2,913.7,913.7,369.8,365.5
9,5,510,2,751.6,767.7,744.1,759.1,304.2,310.7
9,5,515,1,800.5,777.4,800.5,800.5,324,314.6
9,5,516,4,1098.1,1122,924.9,1261,444.4,454.1
9,5,519,2,1151.8,1120.6,1139.7,1163.9,466.1,453.5
9,5,520,3,782.6,683.3,647.9,873.8,316.7,276.5
9,5,702,1,579.2,654.6,579.2,579.2,234.4,264.9
9,5,708,4,706.7,571.7,465.4,833.4,286,231.4
9,5,801,8,834.7,852.7,601.5,1099.7,337.8,345.1
9,5,802,1,475.7,501.4,475.7,475.7,192.5,202.9
9,5,805,3,828.1,768.6,664.3,965.8,335.1,311
9,5,962,5,857.5,785.1,745.2,960.4,347,317.7
9,7,171,1,456.1,446.5,456.1,456.1,184.6,180.7
9,7,384,1,1473.8,1475.1,1473.8,1473.8,596.4,597
9,7,503,14,882.5,873,758.3,1063.2,357.1,353.3
9,7,506,1,856.5,877.9,856.5,856.5,346.6,355.3
9,7,515,2,611.9,614.6,530.9,692.9,247.6,248.7
9,7,520,2,546.3,509.4,537.8,554.7,221.1,206.1
9,7,608,2,697.9,678.2,672.4,723.3,282.4,274.5
9,7,706,1,480.5,453.7,480.5,480.5,194.5,183.6
9,7,708,2,913.3,962.8,856.8,969.8,369.6,389.6
9,7,801,2,848.1,813.7,646.4,1049.7,343.2,329.3
9,7,809,1,694.4,705.7,694.4,694.4,281,285.6
9,7,962,4,749.7,765.4,587.4,933.6,303.4,309.7
9,7,995,1,390.9,443.8,390.9,390.9,158.2,179.6
9,9,503,13,849.9,818.8,691.7,942.1,344,331.4
9,9,506,1,1671.8,1788.4,1671.8,1671.8,676.5,723.8
9,9,507,1,410.6,397,410.6,410.6,166.2,160.6
9,9,510,1,1014.4,995.8,1014.4,1014.4,410.5,403
9,9,515,2,925.6,898,917.8,933.4,374.6,363.4
9,9,519,7,949.7,874.1,792.6,1096.2,384.3,353.7
9,9,520,1,756.9,851.7,756.9,756.9,306.3,344.7
9,9,701,1,601.6,592.2,601.6,601.6,243.5,239.6
9,9,705,1,616,619.9,616,616,249.3,250.9
9,9,708,3,734.4,751.1,612.3,882,297.2,304
9,9,801,3,576.3,504,484.6,652,233.2,204
9,9,805,1,1057.3,1069.8,1057.3,1057.3,427.9,433
9,9,809,1,1142.9,1069.7,1142.9,1142.9,462.5,432.9
9,9,962,3,867.7,779.3,756.3,939.2,351.2,315.4
9,11,171,1,305.5,384.1,305.5,305.5,123.6,155.4
9,11,401,1,993.9,1068.8,993.9,993.9,402.2,432.5
9,11,409,1,175.6,170,175.6,175.6,71.1,68.8
9,11,503,20,805.2,783.9,666.1,907.1,325.8,317.2
9,11,504,1,1022,949.1,1022,1022,413.6,384.1
9,11,505,3,969.1,973.2,911.4,1039.9,392.2,393.8
9,11,506,1,1245.1,1292.2,1245.1,1245.1,503.9,522.9
9,11,510,1,973.4,1048.7,973.4,973.4,393.9,424.4
9,11,515,6,748,706.9,623.7,771.1,302.7,286.1
9,11,516,3,657.2,659.4,513.8,835.7,266,266.8
9,11,519,4,930.3,893.6,705.6,1138.8,376.5,361.6
9,11,608,3,797.1,783.7,757.5,836.7,322.6,317.1
9,11,701,1,924.3,923,924.3,924.3,374,373.5
9,11,708,4,649.2,629.9,613.1,701.8,262.7,254.9
9,11,962,2,877.2,813.8,749.2,1005.2,355,329.3
9,13,103,3,1168.7,985.4,1006.9,1277.9,473,398.8
9,13,401,2,743,740,668.1,818,300.7,299.5
9,13,503,15,833.7,789.4,684.5,968.6,337.4,319.5
9,13,505,2,889.8,849.6,807.7,971.9,360.1,343.8
9,13,519,5,1008,1097.3,919.2,1126.8,407.9,444.1
9,13,608,1,856.1,821.5,856.1,856.1,346.5,332.4
9,13,708,3,917,799.7,802,978,371.1,323.6
9,15,102,1,1172.4,1158,1172.4,1172.4,474.4,468.6
9,15,103,2,1318.3,1289.5,1132.5,1504.1,533.5,521.8
9,15,105,1,1038.6,1092.6,1038.6,1038.6,420.3,442.2
9,15,401,5,1095,1028.4,967.7,1085.5,443.2,416.2
9,15,402,1,1093.9,1053.6,1093.9,1093.9,442.7,426.4
9,15,503,14,873.8,905.5,867.3,957.9,353.6,366.5
9,15,504,1,730,714.6,730,730,295.4,289.2
9,15,505,2,748.2,719.1,683.5,812.8,302.8,291
9,15,510,2,756.5,726.5,752.3,760.7,306.2,294
9,15,515,3,921.5,890.3,821.1,1032,372.9,360.3
9,15,516,2,623.9,616.7,614,633.7,252.5,249.6
9,15,519,5,829.8,857.1,706.4,995.3,335.8,346.9
9,15,708,1,1012.6,966,1012.6,1012.6,409.8,390.9
9,15,962,1,415.5,406.4,415.5,415.5,168.1,164.5
23,1,103,7,959.3,1028.4,911.4,1153.8,388.2,416.2
23,1,104,2,812.6,822.6,799.5,825.8,328.9,332.9
23,1,105,1,1087.7,1046,1087.7,1087.7,440.2,423.3
23,1,401,2,1166.1,1074.3,975.2,1357.1,471.9,434.7
23,1,505,4,943.6,1012.7,901.5,1061.5,381.9,409.8
23,1,701,1,530.3,546,530.3,530.3,214.6,221
23,1,706,1,1725.5,1598.8,1725.5,1725.5,698.3,647
23,1,708,3,1049.9,1207.6,917.2,1251.9,424.9,488.7
23,1,801,15,996.9,839.6,713.6,1238.3,403.4,339.8
23,1,805,4,625.4,726.1,486,803.3,253.1,293.8
23,1,809,3,834.2,758.4,766.8,873.8,337.6,306.9
23,1,901,1,1855.6,1826,1855.6,1855.6,751,738.9
23,1,903,2,618.4,663,514.9,721.9,250.2,268.3
23,3,102,2,1157.6,1148.2,1097,1218.3,468.5,464.7
23,3,103,1,1543.1,1453.9,1543.1,1543.1,624.5,588.4
23,3,105,4,1094.3,1092.4,914.6,1289.6,442.9,442.1
23,3,121,121,1151,1091.3,848.7,1385.9,465.8,441.6
23,3,122,17,971,913.2,714.9,1156.6,393,369.6
23,3,123,18,1193.8,1195.8,1013.7,1353.6,483.1,483.9
23,3,124,55,1157.4,1066.4,918.9,1411.7,468.4,431.5
23,3,125,34,855.8,795.1,579.4,1098.9,346.3,321.8
23,3,126,6,1051.5,1055.9,812.3,1292.3,425.5,427.3
23,3,127,63,1262.4,1192.6,949.8,1585.6,510.9,482.6
23,3,384,3,1330,1375.9,1261.5,1434.2,538.2,556.8
23,3,401,1,1305.6,1117.5,1305.6,1305.6,528.4,452.2
23,3,701,3,786.2,552.2,526.6,933.3,318.2,223.5
23,3,708,1,454.7,474.8,454.7,454.7,184,192.2
23,3,801,228,913.1,878.5,708.5,1070.8,369.5,355.5
23,3,805,10,833.1,762.3,564.4,818.6,337.1,308.5
23,3,809,21,862.8,860.9,632.8,1023.4,349.2,348.4
23,3,901,50,1051.2,1044.6,792.8,1251.2,425.4,422.7
23,3,902,19,1095.6,985.2,834.6,1157.6,443.4,398.7
23,3,904,13,921.8,815.9,713.7,1180.2,373,330.2
23,3,905,3,912.6,910.5,708.2,1127.8,369.3,368.5
23,3,962,7,922.5,919.1,809,1054.7,373.3,371.9
23,3,999,2,1067.6,1031.8,794.3,1340.9,432,417.6
23,5,103,12,1260.2,1384.2,1054.9,1443.4,510,560.2
23,5,104,2,1272.6,1265.5,1143.6,1401.6,515,512.1
23,5,105,2,786.2,753.5,730,842.4,318.2,304.9
23,5,167,1,597.3,575.5,597.3,597.3,241.7,232.9
23,5,401,13,1174.6,1144.1,924,1266,475.3,463
23,5,409,1,442.3,429.5,442.3,442.3,179,173.8
23,5,503,3,789.9,657.3,653.1,874.3,319.7,266
23,5,505,11,1021.7,1024.5,783.1,1229.3,413.5,414.6
23,5,519,2,860.3,859.1,849.8,870.8,348.2,347.7
23,5,520,1,819,794.2,819,819,331.4,321.4
23,5,701,1,1428.6,1378.1,1428.6,1428.6,578.2,557.7
23,5,708,2,754.6,760.2,660.9,848.3,305.4,307.6
23,5,801,21,1007.7,992.8,726.3,1220.5,407.8,401.8
23,5,805,1,1234,1207.7,1234,1234,499.4,488.7
23,5,809,2,985.1,986.7,951.1,1019,398.6,399.3
23,5,901,1,1325.5,1350.3,1325.5,1325.5,536.4,546.5
23,5,962,1,673.2,619.4,673.2,673.2,272.4,250.6
23,7,103,2,1203.3,1202.8,1086.6,1320.1,487,486.8
23,7,105,1,1525.1,1515,1525.1,1525.1,617.2,613.1
23,7,121,17,1068.8,1019.2,759.7,1145.8,432.5,412.4
23,7,122,2,1157.1,1149.3,1146,1168.3,468.3,465.1
23,7,123,9,1127,1006.4,805.8,1254.1,456.1,407.3
23,7,124,7,983.8,1027.7,724.8,1138.1,398.1,415.9
23,7,125,2,1091.8,1061.5,1091.1,1092.4,441.8,429.6
23,7,127,5,955.5,834.5,779.4,1109.7,386.7,337.7
23,7,401,1,1815.9,1598.4,1815.9,1815.9,734.9,646.8
23,7,505,1,716.6,713.5,716.6,716.6,290,288.7
23,7,708,2,854,829.7,785.7,922.2,345.6,335.7
23,7,801,78,928.3,888.7,734.2,1047.6,375.7,359.7
23,7,805,9,823.6,833.3,655.9,953.2,333.3,337.2
23,7,809,8,917.9,1014.6,670.4,1186.4,371.5,410.6
23,7,901,16,1026.1,1085.8,883.8,1226.4,415.3,439.4
23,7,902,15,1068.1,997.2,751.9,1171.6,432.2,403.5
23,7,903,1,727.7,744.1,727.7,727.7,294.5,301.1
23,7,905,1,869.6,810.8,869.6,869.6,351.9,328.1
23,7,962,1,791.6,874.4,791.6,791.6,320.4,353.8
23,9,101,1,602.4,632.1,602.4,602.4,243.8,255.8
23,9,103,14,1085.2,1173,874.9,1218.1,439.2,474.7
23,9,105,6,1054.2,1049,886.3,1083.4,426.6,424.5
23,9,121,14,1021,971.6,721.5,1178.2,413.2,393.2
23,9,122,2,733.3,722.3,604.2,862.4,296.8,292.3
23,9,123,21,1050.6,988.6,838.4,1154.1,425.2,400.1
23,9,124,9,1065.8,1109.6,1052.3,1111.7,431.3,449
23,9,125,10,1021,739.3,601.5,1366.1,413.2,299.2
23,9,127,5,1076.1,1125.8,1043.2,1144.6,435.5,455.6
23,9,401,3,1034.1,913.8,859.6,1153.4,418.5,369.8
23,9,503,1,663.5,632.3,663.5,663.5,268.5,255.9
23,9,505,6,790.4,781,753.2,794.6,319.9,316
23,9,701,1,748.8,809.9,748.8,748.8,303,327.8
23,9,708,3,668.3,810.7,488.1,910.2,270.5,328.1
23,9,801,31,1080.7,935,873.4,1182.7,437.3,378.4
23,9,805,3,924,918.5,816.8,996.9,373.9,371.7
23,9,809,11,926.9,984.2,698.4,1041.6,375.1,398.3
23,9,901,7,997.5,940.3,847.7,1088.4,403.7,380.5
23,9,902,4,700.7,744.2,617.6,827.4,283.6,301.2
23,9,903,6,1014.2,1017.5,831.9,1253.6,410.4,411.8
23,9,905,1,875,849.7,875,875,354.1,343.9
23,9,962,2,552.3,505.7,505.5,599.1,223.5,204.7
23,9,999,1,305.1,293.5,305.1,305.1,123.5,118.8
23,11,103,10,978.4,1008,824.9,1265.6,395.9,407.9
23,11,104,4,1209.6,1264.9,1055.6,1457.8,489.5,511.9
23,11,105,2,894.9,871.3,855.7,934,362.1,352.6
23,11,121,2,747.7,739.4,615.8,879.6,302.6,299.2
23,11,401,7,1084.5,1128.7,872,1240.2,438.9,456.8
23,11,505,5,997.3,1020,940.9,1054.1,403.6,412.8
23,11,706,1,891.2,854.1,891.2,891.2,360.7,345.6
23,11,708,3,934.7,641.2,639.3,1111,378.2,259.5
23,11,801,34,1017.1,934.3,762.9,1184.3,411.6,378.1
23,11,809,3,868.7,870.2,643.8,1098.9,351.6,352.1
23,11,901,4,989.9,938.4,796.2,1170.8,400.6,379.8
23,11,902,3,888.6,778.1,777.4,944.3,359.6,314.9
23,11,903,1,764.9,814.6,764.9,764.9,309.6,329.7
23,13,103,1,1267.1,1249.3,1267.1,1267.1,512.8,505.6
23,13,121,1,729.1,735.7,729.1,729.1,295.1,297.7
23,13,122,2,688.7,724,628.1,749.3,278.7,293
23,13,123,7,948.6,961.5,730.2,1077.4,383.9,389.1
23,13,401,1,1066.2,976,1066.2,1066.2,431.5,395
23,13,503,1,652.9,656.9,652.9,652.9,264.2,265.8
23,13,505,3,576.4,626.2,551.8,624.5,233.3,253.4
23,13,519,1,512.7,466,512.7,512.7,207.5,188.6
23,13,801,7,924.8,919.6,908.7,1045.5,374.3,372.1
23,13,805,1,1328.3,1290.3,1328.3,1328.3,537.5,522.2
23,13,809,5,1039.4,1075.2,985.1,1058.9,420.6,435.1
23,13,901,2,685.7,668.2,598.2,773.1,277.5,270.4
23,13,902,2,927.3,908.2,844.9,1009.7,375.3,367.5
23,13,903,1,924.1,836.7,924.1,924.1,374,338.6
23,15,103,7,1213.9,1134.7,1095.3,1251.7,491.3,459.2
23,15,105,1,993.4,959.1,993.4,993.4,402,388.1
23,15,121,1,566.4,518.9,566.4,566.4,229.2,210
23,15,123,2,1082.3,1021.5,862.5,1302.1,438,413.4
23,15,401,8,1091.2,1064.5,708,1440.6,441.6,430.8
23,15,503,1,850.6,868.6,850.6,850.6,344.2,351.5
23,15,505,5,1097.1,1184.8,968.4,1229.6,444,479.5
23,15,708,3,1027.6,1010.2,984.4,1056.2,415.8,408.8
23,15,801,12,869.6,824.3,648.7,1004.8,351.9,333.6
23,15,805,1,1384,1361.3,1384,1384,560.1,550.9
23,15,901,1,1134.5,1115.4,1134.5,1134.5,459.1,451.4
23,15,902,1,885.8,964.8,885.8,885.8,358.5,390.5
23,17,103,13,1057.4,1014.6,986.2,1238.8,427.9,410.6
23,17,104,3,1254,1338.9,1114.7,1436.8,507.5,541.8
23,17,105,7,1220.9,1271.1,1073.9,1334.5,494.1,514.4
23,17,121,10,1033.5,1068,816.3,1245.7,418.2,432.2
23,17,123,12,1174.1,1150.6,999.7,1279.9,475.2,465.6
23,17,124,2,868.2,832,790.2,946.2,351.4,336.7
23,17,125,2,965.7,970.2,842.7,1088.7,390.8,392.6
23,17,127,1,1012.8,906.7,1012.8,1012.8,409.9,366.9
23,17,385,1,555.1,583.3,555.1,555.1,224.7,236.1
23,17,401,11,1033.7,1069.5,796.1,1203.7,418.3,432.8
23,17,503,1,895.9,846.5,895.9,895.9,362.6,342.6
23,17,505,6,1053.5,978.9,880.3,1217.9,426.3,396.2
23,17,519,1,518.4,517.3,518.4,518.4,209.8,209.4
23,17,708,2,826.6,853.5,757.5,895.7,334.5,345.4
23,17,801,128,887.6,842,720.1,1024.4,359.2,340.7
23,17,805,2,927.3,933.7,776.7,1077.9,375.3,377.8
23,17,809,15,901.3,844.6,767.6,1037.8,364.7,341.8
23,17,901,6,1018.8,1019.6,818.5,1277.7,412.3,412.6
23,17,902,11,1080.4,1068.4,1004.5,1184.3,437.2,432.4
23,17,903,3,1163.2,1177.5,1048.8,1364.4,470.7,476.5
23,17,905,1,305.9,342.1,305.9,305.9,123.8,138.4
23,19,102,2,629.1,757.9,556.4,701.7,254.6,306.7
23,19,103,21,1110.4,1004.2,815.5,1163,449.4,406.4
23,19,104,5,1396,1370.9,1320.3,1624.1,564.9,554.8
23,19,105,22,1073.3,1053.2,827.5,1286.1,434.4,426.2
23,19,121,38,1139.1,1047.4,841.6,1429.5,461,423.9
23,19,122,3,970.5,967.3,904.1,1055.5,392.8,391.5
23,19,123,18,1212.4,1212.2,997.8,1347.2,490.6,490.6
23,19,124,14,1134.9,993.4,770.2,1397.8,459.3,402
23,19,125,8,916.3,897,527.9,1280,370.8,363
23,19,126,2,891.3,896.1,831,951.6,360.7,362.6
23,19,127,32,1158.7,1137.4,974,1349.5,468.9,460.3
23,19,384,1,761.6,681.4,761.6,761.6,308.2,275.8
23,19,385,1,922.9,970.6,922.9,922.9,373.5,392.8
23,19,401,2,1416.8,1396.7,1364.2,1469.5,573.4,565.2
23,19,505,3,895.3,809.2,792.3,967.7,362.3,327.5
23,19,516,1,1124.2,1109,1124.2,1124.2,454.9,448.8
23,19,701,7,1004.5,1038.5,989.3,1143.7,406.5,420.3
23,19,706,2,869.2,855.1,800.4,937.9,351.7,346
23,19,707,1,642.2,637.3,642.2,642.2,259.9,257.9
23,19,708,11,725,849.8,484.3,992.5,293.4,343.9
23,19,801,104,939.2,869.9,732.6,1104,380.1,352.1
23,19,805,2,1244.2,1199.3,1169.4,1318.9,503.5,485.3
23,19,809,14,919.4,848.3,649.9,1054.8,372.1,343.3
23,19,901,22,1105.3,1136.4,922.5,1288.5,447.3,459.9
23,19,902,6,1027.7,978.8,817.1,1097.6,415.9,396.1
23,19,903,7,872.6,899.4,733.3,1018.5,353.1,364
23,19,904,3,1164.7,1108.6,1093.4,1253.2,471.3,448.6
23,19,905,3,1002.2,908.6,892.4,1126.4,405.6,367.7
23,19,962,1,1193.8,1185.7,1193.8,1193.8,483.1,479.9
23,19,999,1,472,520.4,472,472,191,210.6
23,21,102,1,980.2,968.4,980.2,980.2,396.7,391.9
23,21,103,6,1313,1360,1176.7,1501.9,531.4,550.4
23,21,104,1,1691.5,1639.8,1691.5,1691.5,684.5,663.6
23,21,105,4,1241,1323.3,1120.2,1457.8,502.2,535.5
23,21,121,70,1219.5,1188.7,920.3,1453.9,493.5,481.1
23,21,122,2,889,868.1,851.3,926.7,359.8,351.3
23,21,123,45,1179.9,1121.2,939.5,1410.2,477.5,453.8
23,21,124,37,1246.1,1210.2,985.3,1445.8,504.3,489.7
23,21,125,10,1015.9,1006.8,796,1088.4,411.1,407.4
23,21,126,3,554.9,706.5,324.9,741.3,224.6,285.9
23,21,127,25,1337.1,1323.1,1133,1580,541.1,535.4
23,21,401,7,1137.4,1008.1,916.9,1114.6,460.3,408
23,21,516,1,814.2,791.3,814.2,814.2,329.5,320.2
23,21,701,1,906.1,894.7,906.1,906.1,366.7,362.1
23,21,708,3,770.8,665.4,649,836.5,311.9,269.3
23,21,801,178,949.2,911.5,770.5,1124.9,384.1,368.9
23,21,805,3,671.8,842.7,553.2,880,271.8,341
23,21,809,16,1001.8,951.3,822.3,1201.5,405.4,385
23,21,901,13,1156.3,1035.2,848.9,1415.7,468,418.9
23,21,902,20,1047.3,1048.4,858.7,1184.1,423.8,424.3
23,21,903,1,501.9,472.2,501.9,501.9,203.1,191.1
23,21,905,2,1066.9,1073.3,926.8,1207.1,431.8,434.4
23,21,962,1,758,732,758,758,306.7,296.3
23,23,103,2,1060.3,1047.2,1004.6,1115.9,429.1,423.8
23,23,104,1,1030.8,1018.2,1030.8,1030.8,417.1,412.1
23,23,105,2,1032.6,1031.8,950.2,1115,417.9,417.5
23,23,123,2,970.7,959.4,946.2,995.2,392.8,388.2
23,23,401,1,951.1,924.1,951.1,951.1,384.9,374
23,23,503,1,924.3,1028.2,924.3,924.3,374,416.1
23,23,505,4,710.4,674,580.9,795.4,287.5,272.8
23,23,708,1,899,886.6,899,899,363.8,358.8
23,23,801,6,1080,1067.7,909.1,1261.9,437.1,432.1
23,23,809,2,682.6,743.4,648.6,716.5,276.2,300.8
23,25,102,4,1034.9,1062.3,965.8,1165.4,418.8,429.9
23,25,103,6,1352.4,1187.6,1006.5,1550.8,547.3,480.6
23,25,104,2,1046.8,1047.5,1010.9,1082.8,423.6,423.9
23,25,105,2,952.8,940.3,810.6,1095,385.6,380.5
23,25,121,56,1221,1096.5,898.7,1466.6,494.1,443.7
23,25,122,1,863.2,779.4,863.2,863.2,349.3,315.4
23,25,123,30,1156.1,1050.7,909.4,1291.8,467.9,425.2
23,25,124,38,1078.5,1007,877.9,1235.5,436.5,407.5
23,25,125,14,1104.1,889.6,651.1,1388,446.8,360
23,25,127,15,1285.6,1192.1,1081.1,1380.7,520.3,482.4
23,25,401,6,856.3,927.6,826.7,978.1,346.5,375.4
23,25,409,1,1135.7,1040.3,1135.7,1135.7,459.6,421
23,25,517,1,530.9,465.1,530.9,530.9,214.8,188.2
23,25,520,1,1021.8,893.4,1021.8,1021.8,413.5,361.5
23,25,701,7,918.3,723,652,1273.4,371.6,292.6
23,25,708,3,881.8,701.5,676.8,1004.8,356.9,283.9
23,25,801,169,909.4,877.6,707,1057.6,368,355.2
23,25,805,10,768.1,744.5,600.2,895.3,310.9,301.3
23,25,809,17,1025.1,974.8,858,1121.1,414.9,394.5
23,25,901,17,1105.9,1136.8,936.3,1296.8,447.6,460.1
23,25,902,14,953.7,973.3,816.6,1176.4,385.9,393.9
23,25,903,2,806.6,738.1,617.1,996.2,326.4,298.7
23,25,905,4,1012.3,906.6,875.7,1055.9,409.7,366.9
23,25,962,5,615.2,518.3,429.9,805,249,209.8
23,27,103,6,1095.2,1026.4,734.3,1196.2,443.2,415.4
23,27,104,2,1026.8,1017.7,1018,1035.7,415.5,411.8
23,27,105,1,1254.4,1243,1254.4,1254.4,507.7,503
23,27,121,5,909.1,919.6,801.4,1032.1,367.9,372.1
23,27,122,1,856.1,936.7,856.1,856.1,346.4,379.1
23,27,123,3,1010.4,1140.8,890.4,1177.6,408.9,461.7
23,27,125,1,1042.2,1033.3,1042.2,1042.2,421.8,418.2
23,27,127,1,1555.6,1498.5,1555.6,1555.6,629.5,606.4
23,27,401,3,970.9,889.8,873.5,1030.8,392.9,360.1
23,27,505,4,1017.7,1002.5,809.9,1222,411.8,405.7
23,27,516,1,1288.2,1262.3,1288.2,1288.2,521.3,510.8
23,27,701,1,941.3,978.3,941.3,941.3,380.9,395.9
23,27,708,1,829.4,783.8,829.4,829.4,335.7,317.2
23,27,801,28,947,939.9,798.6,1072.7,383.2,380.3
23,27,805,4,847.1,777.5,550.6,1074.4,342.8,314.6
23,27,809,10,1140.7,999.9,832.4,1485.7,461.6,404.6
23,27,901,4,1106,1089.3,804.2,1315.9,447.6,440.8
23,27,999,2,469.8,448.7,432.6,507,190.1,181.6
23,29,102,1,741.5,714.5,741.5,741.5,300.1,289.1
23,29,103,16,989.4,984.8,813.2,1159.9,400.4,398.6
23,29,104,2,1033.1,1057.2,984.3,1081.8,418.1,427.8
23,29,105,14,1038.3,979.9,905.9,1138.2,420.2,396.6
23,29,121,48,988.2,986,788.2,1143.8,399.9,399
23,29,122,2,708.8,682.2,428.9,988.7,286.8,276.1
23,29,123,17,963.6,959.6,745,1086.4,390,388.3
23,29,124,23,1121.9,1159.1,999.8,1291.5,454,469.1
23,29,125,15,931.2,788.4,620.9,883,376.8,319.1
23,29,126,3,531.4,586.8,401.1,666.6,215,237.5
23,29,127,17,1045.7,1126.7,871,1193.1,423.2,455.9
23,29,401,6,981.1,983.3,939.8,1031.4,397,397.9
23,29,505,1,809.7,759,809.7,809.7,327.7,307.2
23,29,708,5,788.1,737.5,659.2,798.9,318.9,298.5
23,29,801,50,1052.8,928.4,756.5,1293.3,426,375.7
23,29,805,1,618.1,580.2,618.1,618.1,250.1,234.8
23,29,809,18,853.6,814.3,696,931.9,345.5,329.5
23,29,901,12,1053.3,875.3,639.5,1264.3,426.3,354.2
23,29,902,9,881.4,874.4,781.5,969.8,356.7,353.8
23,29,903,10,891.8,763.5,572.5,915.3,360.9,309
23,29,905,1,1798.1,1658.9,1798.1,1798.1,727.7,671.3
23,29,962,7,688.6,767.1,365.2,879.7,278.7,310.4
23,29,999,1,289.2,346.6,289.2,289.2,117,140.3
23,31,102,1,909.9,937.5,909.9,909.9,368.2,379.4
23,31,103,18,1219.5,1152.3,957.4,1430.5,493.5,466.3
23,31,104,4,1254,1271.5,1015,1547.6,507.5,514.6
23,31,105,4,1146.4,1140.1,1030,1261.2,463.9,461.4
23,31,121,1,1202,1172.4,1202,1202,486.4,474.5
23,31,401,9,912.6,940.9,643.5,1140.6,369.3,380.8
23,31,503,6,921.9,886.2,783.5,980.8,373.1,358.6
23,31,505,12,816.9,853.3,654.6,912.2,330.6,345.3
23,31,519,1,645.5,756.2,645.5,645.5,261.2,306
23,31,701,1,966.6,886.2,966.6,966.6,391.2,358.6
23,31,708,13,895.8,825,711.4,919.8,362.5,333.9
23,31,801,17,1015.8,1098.8,880.8,1183,411.1,444.7
23,31,805,2,663.5,662.5,589.7,737.3,268.5,268.1
23,31,809,8,976.8,1021.5,863,1079.4,395.3,413.4
23,31,901,2,1187.4,1106.1,1089.1,1285.6,480.5,447.6
23,31,903,3,981.2,524.1,592,1199.3,397.1,212.1
25,1,167,12,702.3,708,648.7,814.3,284.2,286.5
25,1,409,3,705.6,758.6,656.1,788.7,285.6,307
25,1,503,2,930.6,889.9,819.7,1041.5,376.6,360.1
25,1,510,4,680.3,703.3,531,847.3,275.3,284.6
25,1,515,3,578.9,587.8,509.7,641.5,234.3,237.9
25,1,708,2,724.1,751.5,706,742.2,293,304.1
25,3,103,2,1679.2,1643.4,1630.7,1727.6,679.5,665.1
25,3,104,3,1216.5,1281.3,1172,1283.9,492.3,518.5
25,3,105,3,1325.3,1211.1,1120.2,1489.5,536.3,490.1
25,3,123,1,862,859.1,862,862,348.8,347.7
25,3,127,1,582.3,531.9,582.3,582.3,235.6,215.2
25,3,401,2,1109.1,1083.4,962.8,1255.3,448.8,438.4
25,3,503,4,1065.2,1143.2,1007.9,1177.3,431.1,462.6
25,3,505,7,1196.8,1122.7,937.7,1420.2,484.3,454.3
25,3,517,1,891.5,835.8,891.5,891.5,360.8,338.3
25,3,519,1,1122.4,1077.8,1122.4,1122.4,454.2,436.2
25,3,520,1,1153.7,1186.5,1153.7,1153.7,466.9,480.2
25,3,701,1,662.3,648.4,662.3,662.3,268,262.4
25,3,705,1,394.8,424.3,394.8,394.8,159.8,171.7
25,3,801,38,992,944.5,825.5,1150.6,401.5,382.2
25,3,805,10,985.1,923.6,901.5,1096.9,398.7,373.8
25,3,809,3,1010.9,860.9,798.4,1141.4,409.1,348.4
25,3,901,2,1006,1052.3,994,1017.9,407.1,425.8
25,5,103,5,1261,1334.1,1255.6,1304.9,510.3,539.9
25,5,401,6,842.3,837.1,759.1,892.1,340.9,338.8
25,5,409,1,1165.2,1152.8,1165.2,1165.2,471.5,466.5
25,5,503,5,819.9,842.2,753.7,908.8,331.8,340.8
25,5,504,3,830.9,843.4,708.6,978.6,336.2,341.3
25,5,505,1,666.1,683.3,666.1,666.1,269.6,276.5
25,5,510,1,1055.7,986.8,1055.7,1055.7,427.2,399.3
25,5,515,2,807.8,775.2,779.2,836.5,326.9,313.7
25,5,519,5,725.7,773.1,540.3,832.3,293.7,312.8
25,5,520,3,651.5,568,551.5,721.6,263.7,229.9
25,5,608,5,813.2,798.3,756.6,903,329.1,323.1
25,5,708,4,744.8,681.6,656.8,787.3,301.4,275.8
25,5,809,2,793,769.1,790.1,795.8,320.9,311.2
25,5,903,1,951.7,889.9,951.7,951.7,385.2,360.1
25,7,167,2,493.7,472.3,444,543.3,199.8,191.1
25,7,409,1,593.7,561.5,593.7,593.7,240.2,227.2
25,7,501,1,215.1,217.2,215.1,215.1,87.1,87.9
25,7,503,2,552.5,536.5,513.8,591.2,223.6,217.1
25,7,515,1,278.1,311.1,278.1,278.1,112.6,125.9
25,9,103,4,1200.1,1172.7,1135.1,1272.8,485.7,474.6
25,9,401,5,1241.6,1182.1,1018.9,1483.4,502.5,478.4
25,9,409,1,1069.7,1045.8,1069.7,1069.7,432.9,423.2
25,9,503,6,796.3,819.9,665.1,891.3,322.3,331.8
25,9,505,1,1055.7,1041.3,1055.7,1055.7,427.2,421.4
25,9,519,3,805.7,1041.1,622.2,1117.9,326.1,421.3
25,9,702,1,1156.4,1040.2,1156.4,1156.4,468,421
25,9,708,6,664.4,591.3,545.7,692.8,268.9,239.3
25,9,801,2,916.4,894.1,727.6,1105.2,370.9,361.8
25,9,809,1,428.1,438.3,428.1,428.1,173.3,177.4
25,9,962,1,1145.8,1142.3,1145.8,1145.8,463.7,462.3
25,9,999,1,269.3,257.4,269.3,269.3,109,104.2
25,11,103,6,1240.5,1124.1,972.6,1421.4,502,454.9
25,11,104,3,1147.5,1167.2,1051.6,1250.3,464.4,472.3
25,11,105,1,1176,1186.4,1176,1176,475.9,480.1
25,11,123,1,1148.5,1198,1148.5,1148.5,464.8,484.8
25,11,401,8,1077.6,1134.1,1026.2,1245,436.1,458.9
25,11,503,3,1131.5,1063.8,1029.4,1207.2,457.9,430.5
25,11,505,7,931.6,888.4,897,989.9,377,359.5
25,11,520,1,821.6,804,821.6,821.6,332.5,325.4
25,11,801,25,1064.2,1012.1,834.7,1276.4,430.6,409.6
25,11,802,1,1139.2,1134.7,1139.2,1139.2,461,459.2
25,11,805,4,972,767.9,707.5,1041.5,393.4,310.8
25,11,901,1,955.7,908.9,955.7,955.7,386.7,367.8
25,11,962,6,1112.4,1133.8,1017.1,1237,450.2,458.8
25,11,999,1,168.4,169.8,168.4,168.4,68.1,68.7
25,13,103,2,1572.3,1517.8,1216.6,1928,636.3,614.2
25,13,104,1,1428.3,1388.3,1428.3,1428.3,578,561.8
25,13,105,3,1525.3,1535.3,1405,1664.2,617.3,621.3
25,13,401,3,1120.2,1077.5,1052.7,1167.1,453.3,436
25,13,503,9,918.3,979.4,613.5,1181.7,371.6,396.3
25,13,505,4,773.8,745.3,671.8,846.7,313.1,301.6
25,13,514,1,557.4,392.9,557.4,557.4,225.6,159
25,13,515,3,1355.6,1262.5,1289.9,1396.1,548.6,510.9
25,13,519,4,713.4,677.4,671.2,726.2,288.7,274.1
25,13,707,1,638.4,710.8,638.4,638.4,258.4,287.7
25,13,708,1,961.2,952.8,961.2,961.2,389,385.6
25,13,801,15,981.7,1045.8,726.8,1179.8,397.3,423.2
25,13,805,2,1112.8,1095.5,938.3,1287.3,450.3,443.3
25,13,809,3,995.9,1051.9,862.5,1191.8,403,425.7
25,13,901,3,858.3,826.2,813.6,882.2,347.3,334.4
25,13,962,4,1016.8,955.6,932.8,1135,411.5,386.7
25,15,103,2,1103.4,1082.8,1091.5,1115.3,446.5,438.2
25,15,104,1,1683.6,1647.1,1683.6,1683.6,681.3,666.5
25,15,401,3,1055.7,920.4,893.6,1151.2,427.2,372.5
25,15,409,1,1008.5,1074.5,1008.5,1008.5,408.1,434.9
25,15,503,4,974.8,975,927.4,1044.2,394.5,394.6
25,15,505,3,899.4,955.5,850.8,980.5,364,386.7
25,15,515,1,1277.8,1210.2,1277.8,1277.8,517.1,489.7
25,15,519,2,856.4,829.6,848.6,864.3,346.6,335.7
25,15,707,1,1190.5,1164.9,1190.5,1190.5,481.8,471.4
25,15,709,1,1040.8,1060.2,1040.8,1040.8,421.2,429.1
25,15,801,16,1032.2,924.4,833.7,1283,417.7,374.1
25,15,805,1,565.3,568,565.3,565.3,228.8,229.9
25,15,809,6,813.3,838.2,695.5,968.5,329.1,339.2
25,15,901,1,631.4,628.8,631.4,631.4,255.5,254.5
25,15,962,3,961,1016.2,834.5,1108.5,388.9,411.3
25,17,103,10,1125,1212.7,774.5,1425.2,455.3,490.8
25,17,401,6,1152.2,1083.8,946.6,1241.5,466.3,438.6
25,17,503,10,1008.7,937.8,919.4,1054.7,408.2,379.5
25,17,505,8,892.7,802.2,761.6,1018.6,361.3,324.7
25,17,510,1,769.3,747,769.3,769.3,311.3,302.3
25,17,515,1,832.7,884.5,832.7,832.7,337,358
25,17,516,1,660.8,663.9,660.8,660.8,267.4,268.7
25,17,519,3,734,704.4,552.5,911.7,297.1,285
25,17,702,1,402.1,292.9,402.1,402.1,162.7,118.5
25,17,708,9,587.1,631.6,425.3,725.9,237.6,255.6
25,17,809,1,639.4,631.9,639.4,639.4,258.8,255.7
25,17,999,1,420,407.4,420,420,170,164.9
25,19,167,1,505.5,532.7,505.5,505.5,204.6,215.6
25,19,514,1,607.5,507.1,607.5,607.5,245.8,205.2
25,19,520,1,1544,1335.9,1544,1544,624.8,540.6
25,19,999,1,507.1,290,507.1,507.1,205.2,117.3
25,21,103,5,1473.2,1441.2,1169.6,1910.6,596.2,583.2
25,21,401,3,869.6,845.2,863.7,880.7,351.9,342
25,21,503,5,816.7,796,705.7,873,330.5,322.1
25,21,505,1,786.9,797.4,786.9,786.9,318.5,322.7
25,21,510,2,810.4,800.4,690,930.8,328,323.9
25,21,520,1,1243.5,1211,1243.5,1243.5,503.2,490.1
25,21,706,1,1401.3,1258.2,1401.3,1401.3,567.1,509.2
25,21,708,6,889.5,895.8,535.9,1168,360,362.5
25,21,995,1,1091.6,1054.3,1091.6,1091.6,441.8,426.7
25,21,999,1,444.5,477,444.5,444.5,179.9,193.1
25,23,103,13,1075.1,996.4,947.8,1201.4,435.1,403.2
25,23,104,1,1263.7,1340.6,1263.7,1263.7,511.4,542.5
25,23,167,6,601.6,645.1,590.9,675.6,243.5,261.1
25,23,401,10,1014.9,996.9,956.5,1122.9,410.7,403.4
25,23,409,1,975.2,997.5,975.2,975.2,394.6,403.7
25,23,503,6,1000.9,1021,901,1102.2,405,413.2
25,23,504,1,533.5,608.8,533.5,533.5,215.9,246.4
25,23,515,1,816.2,810.7,816.2,816.2,330.3,328.1
25,23,608,1,656.1,648.9,656.1,656.1,265.5,262.6
25,23,702,1,962.9,915,962.9,962.9,389.7,370.3
25,23,708,1,1052.7,1022.6,1052.7,1052.7,426,413.8
25,23,999,2,691.9,649.1,554.6,829.3,280,262.7
25,27,103,26,1199.6,1213.3,954.3,1456,485.5,491
25,27,104,1,2152.6,2101.4,2152.6,2152.6,871.1,850.4
25,27,105,1,1545.9,1498.5,1545.9,1545.9,625.6,606.4
25,27,123,1,877.2,897.2,877.2,877.2,355,363.1
25,27,401,14,1012,840.2,727.1,1253.6,409.5,340
25,27,503,25,881.5,869.4,733.2,990,356.7,351.8
25,27,505,17,938.6,945.3,751.3,1012,379.8,382.6
25,27,510,2,592.2,574.2,560.1,624.3,239.7,232.4
25,27,515,6,957.7,873.5,813,1103.7,387.6,353.5
25,27,516,4,764.9,659.8,534.9,952,309.6,267
25,27,519,8,907.3,797.2,637.9,1199.1,367.2,322.6
25,27,608,1,1366.1,1375.6,1366.1,1366.1,552.9,556.7
25,27,703,1,1140.2,1062.1,1140.2,1140.2,461.4,429.8
25,27,705,1,513,530.6,513,513,207.6,214.7
25,27,708,5,836,874.3,714.7,900.6,338.3,353.8
25,27,801,2,912.7,931.6,825.9,999.5,369.4,377
25,27,805,2,585.1,546.1,581.5,588.7,236.8,221
25,27,902,1,660.5,665.4,660.5,660.5,267.3,269.3
25,27,903,2,762.5,742,563.3,961.8,308.6,300.3
25,27,962,1,703.6,713.4,703.6,703.6,284.7,288.7
25,27,995,1,570.7,522.9,570.7,570.7,231,211.6
25,27,999,1,349.5,388,349.5,349.5,141.4,157
33,1,103,2,1416.4,1354.2,1142,1690.9,573.2,548
33,1,104,3,1291.8,1370.3,1159.4,1471.9,522.8,554.5
33,1,105,7,1093.3,876.8,840.2,1283,442.4,354.8
33,1,401,1,683.4,704.6,683.4,683.4,276.6,285.1
33,1,503,1,1144.6,1133.1,1144.6,1144.6,463.2,458.6
33,1,505,6,1062.5,1025.6,911.2,1188,430,415
33,1,801,16,988.2,984.2,750.5,1175.8,399.9,398.3
33,1,805,1,953.1,885.3,953.1,953.1,385.7,358.3
33,1,809,2,1153.9,1114.8,919.8,1388,467,451.1
33,1,901,1,751.2,733.2,751.2,751.2,304,296.7
33,3,103,3,819.1,871.8,745.5,936.5,331.5,352.8
33,3,105,8,1258.3,1261.9,1140.4,1408.8,509.2,510.7
33,3,121,1,468.6,447.5,468.6,468.6,189.6,181.1
33,3,123,12,1092,1086.1,905.2,1267.6,441.9,439.5
33,3,167,1,702.8,712.1,702.8,702.8,284.4,288.2
33,3,401,9,981,813.9,687.7,1355.6,397,329.4
33,3,409,1,729.5,750.6,729.5,729.5,295.2,303.8
33,3,503,1,2312.6,2249.2,2312.6,2312.6,935.9,910.2
33,3,505,16,1112.5,1123.8,906.5,1257.9,450.2,454.8
33,3,705,1,973.5,975.5,973.5,973.5,393.9,394.8
33,3,707,1,882.4,800.8,882.4,882.4,357.1,324.1
33,3,708,2,534.9,526.4,377.6,692.3,216.5,213
33,3,801,78,1020,984.1,852.1,1174,412.8,398.2
33,3,805,6,1011,1019.5,868.8,1206.4,409.1,412.6
33,3,809,6,1022,961.4,759.8,1172.6,413.6,389.1
33,3,902,1,819.2,825.3,819.2,819.2,331.5,334
33,5,103,6,1166,1182.9,1150.2,1282.9,471.9,478.7
33,5,104,2,1018.4,1038.8,991.5,1045.4,412.2,420.4
33,5,105,3,1274.6,1342.7,1133.2,1348.4,515.8,543.4
33,5,123,1,919.2,873,919.2,919.2,372,353.3
33,5,401,7,1189.7,1204.2,1127.8,1270.6,481.5,487.3
33,5,503,2,1128.1,1111.1,1063.9,1192.2,456.5,449.6
33,5,505,10,989.3,970.8,851.9,1128.1,400.4,392.9
33,5,519,1,722.7,739.7,722.7,722.7,292.5,299.4
33,5,705,1,627.1,653.2,627.1,627.1,253.8,264.3
33,5,707,1,690.2,667.6,690.2,690.2,279.3,270.2
33,5,708,1,1281,1351.9,1281,1281,518.4,547.1
33,5,709,1,679.3,712.6,679.3,679.3,274.9,288.4
33,5,801,26,961.6,890.8,808.3,1117.6,389.1,360.5
33,5,805,1,1267.4,1190.2,1267.4,1267.4,512.9,481.7
33,5,809,6,848.4,886.4,599,1092.2,343.4,358.7
33,5,901,1,431.9,482.3,431.9,431.9,174.8,195.2
33,5,903,2,802.9,767.2,784.5,821.2,324.9,310.5
33,7,103,1,961,1027.9,961,961,388.9,416
33,7,121,32,1068.6,1058.3,921.9,1248.2,432.5,428.3
33,7,123,14,1093.9,1047.5,946.3,1195.4,442.7,423.9
33,7,124,31,1003.8,1031.8,835.8,1130.5,406.2,417.6
33,7,127,2,1401,1346.4,1380.1,1421.9,567,544.9
33,7,401,1,1661.5,1615.2,1661.5,1661.5,672.4,653.7
33,7,505,2,1034.6,1000.8,786.3,1282.9,418.7,405
33,7,516,1,725.4,730.6,725.4,725.4,293.6,295.7
33,7,708,1,1145.1,1165.9,1145.1,1145.1,463.4,471.8
33,7,801,142,905.1,856.6,740,1031.5,366.3,346.6
33,7,802,1,406.7,434.9,406.7,406.7,164.6,176
33,7,805,4,981.1,805.6,777.2,1087.4,397,326
33,7,809,4,1004.2,1008.7,831.7,1121.7,406.4,408.2
33,7,901,6,917.1,991,655.3,1134.1,371.1,401
33,7,902,19,903.1,933.1,737.8,1048.5,365.5,377.6
33,7,905,1,1066.3,1028.8,1066.3,1066.3,431.5,416.3
33,7,962,2,797.1,798.3,720.5,873.6,322.6,323
33,7,999,1,728.4,720.7,728.4,728.4,294.8,291.7
33,9,103,4,1091.3,1108.2,984.7,1162.8,441.6,448.5
33,9,104,2,1083.2,1088.5,1078.8,1087.6,438.4,440.5
33,9,105,6,1150.1,1165.4,885.3,1379.2,465.4,471.6
33,9,121,28,1062.1,1052.2,943.1,1189.5,429.8,425.8
33,9,123,20,1129,1108.9,884.5,1268.1,456.9,448.7
33,9,124,16,1086.5,1135.5,967.1,1187.3,439.7,459.5
33,9,125,2,1098.3,1087.4,933.4,1263.1,444.4,440.1
33,9,401,6,1188.5,1252.8,1076.8,1388.2,481,507
33,9,409,1,737.8,755.3,737.8,737.8,298.6,305.7
33,9,505,10,1089.2,1038.6,882.8,1168,440.8,420.3
33,9,708,1,613.9,672.9,613.9,613.9,248.4,272.3
33,9,801,153,1000.1,943.7,838.8,1124.6,404.7,381.9
33,9,802,1,1078.8,1212.9,1078.8,1078.8,436.6,490.8
33,9,805,4,1221.9,1078.6,1065.5,1300.9,494.5,436.5
33,9,809,9,1000.9,1093.9,852.7,1128,405,442.7
33,9,901,3,770.2,805,509.9,1062.4,311.7,325.8
33,9,902,20,1115.1,1173.4,983.2,1268.5,451.3,474.9
33,9,904,1,677.8,743.2,677.8,677.8,274.3,300.8
33,9,905,1,1040.2,1057.4,1040.2,1040.2,421,427.9
33,9,962,1,423.7,368.4,423.7,423.7,171.5,149.1
33,9,999,1,1133.2,1107.2,1133.2,1133.2,458.6,448.1
33,11,103,16,1199.7,1119.1,905.2,1555.1,485.5,452.9
33,11,104,2,1519.8,1496,1422,1617.6,615,605.4
33,11,401,14,930.4,917.2,804.9,1023.4,376.5,371.2
33,11,503,7,1034.9,937.6,865.6,1214.4,418.8,379.4
33,11,504,2,810.3,795.5,778.9,841.7,327.9,321.9
33,11,505,10,1147.3,1092.7,1049.2,1403.1,464.3,442.2
33,11,708,2,648.6,645.6,632.6,664.7,262.5,261.3
33,11,801,14,1068,901.6,840.2,1129.6,432.2,364.9
33,11,809,10,883.3,972.3,842.7,1014.4,357.5,393.5
33,11,902,1,718.4,686,718.4,718.4,290.7,277.6
33,11,962,1,600.9,559,600.9,600.9,243.2,226.2
33,11,995,1,352.2,366.7,352.2,352.2,142.5,148.4
33,13,103,12,1246.8,1168.9,1078.1,1455,504.6,473
33,13,104,9,1268.7,1288.3,1095.5,1470.6,513.4,521.3
33,13,105,1,1426.4,1343.1,1426.4,1426.4,577.3,543.5
33,13,123,3,827,848.8,751.5,915.8,334.7,343.5
33,13,401,9,1225.1,1139.5,889,1531.9,495.8,461.1
33,13,503,7,1037.9,1035.8,961,1172.7,420,419.2
33,13,504,1,1036.1,1042.3,1036.1,1036.1,419.3,421.8
33,13,505,10,976.9,1029.2,950.1,1112.4,395.3,416.5
33,13,519,2,662.1,679.8,634.4,689.9,268,275.1
33,13,708,1,713.9,664.9,713.9,713.9,288.9,269.1
33,13,801,29,1092.4,1073.4,881.8,1317.6,442.1,434.4
33,13,805,1,704.3,678.7,704.3,704.3,285,274.7
33,13,809,3,946.7,919.8,924,967.8,383.1,372.2
33,13,901,1,397.3,438.5,397.3,397.3,160.8,177.4
33,13,903,2,582.3,558.3,541.3,623.4,235.7,225.9
33,13,962,1,616.9,577.9,616.9,616.9,249.6,233.9
33,13,999,1,556.1,542.5,556.1,556.1,225.1,219.5
33,15,103,12,1146.1,1079,908.7,1397.2,463.8,436.6
33,15,104,6,1084.2,1133.3,852.1,1352.2,438.8,458.6
33,15,105,1,923.2,937.2,923.2,923.2,373.6,379.3
33,15,401,8,1061.8,931.5,894.5,1086.8,429.7,377
33,15,503,7,907.4,806.2,602.4,1069.9,367.2,326.3
33,15,505,4,1027,866.1,822.7,1090.5,415.6,350.5
33,15,516,1,685.9,658.5,685.9,685.9,277.6,266.5
33,15,517,1,434.1,434,434.1,434.1,175.7,175.6
33,15,519,1,716.2,720.7,716.2,716.2,289.8,291.6
33,15,520,1,1024.9,970.7,1024.9,1024.9,414.7,392.8
33,15,708,6,875.9,898.6,631.6,1212,354.5,363.7
33,15,801,6,1071.3,991.9,825.9,1283.2,433.5,401.4
33,15,805,2,771.7,741.4,750.3,793.1,312.3,300
33,15,809,1,1027.1,990.7,1027.1,1027.1,415.6,400.9
33,15,962,1,638.5,635.4,638.5,638.5,258.4,257.2
33,17,103,4,1287.3,1270.8,1227.1,1301,521,514.3
33,17,104,1,1634.7,1681.4,1634.7,1634.7,661.5,680.4
33,17,105,1,769,747,769,769,311.2,302.3
33,17,401,3,913.1,822.9,826.1,966.7,369.5,333
33,17,503,3,943.1,795.8,796.6,1020.2,381.7,322.1
33,17,504,1,1020.1,987.9,1020.1,1020.1,412.8,399.8
33,17,505,3,799.5,661.9,677.7,864.3,323.6,267.9
33,17,708,2,438.3,417,328,548.7,177.4,168.8
33,17,801,10,866.4,808.5,663.6,917.7,350.6,327.2
33,17,805,1,853,834.1,853,853,345.2,337.5
33,17,809,2,841.1,866.2,719.5,962.8,340.4,350.5
33,19,103,10,944.1,866.5,642.6,1071.8,382.1,350.6
33,19,105,1,662.2,651.2,662.2,662.2,268,263.5
33,19,123,1,796.5,781.6,796.5,796.5,322.3,316.3
33,19,401,7,1102.2,1093.5,1060.9,1144.5,446,442.5
33,19,505,3,1288.8,1228.6,1091.4,1467.1,521.6,497.2
33,19,801,27,1004.2,950,857.2,1140,406.4,384.5
33,19,805,1,1192.1,1224.8,1192.1,1192.1,482.4,495.6
33,19,809,4,1091.3,1062.1,995.4,1156.3,441.6,429.8
33,19,902,1,764.4,770.5,764.4,764.4,309.3,311.8
33,19,962,2,919,878.1,839.2,998.7,371.9,355.3
36,1,103,4,1169.4,1243.3,1160.7,1276.4,473.2,503.2
36,1,167,1,624.5,641.8,624.5,624.5,252.7,259.7
36,1,381,1,609.1,625.4,609.1,609.1,246.5,253.1
36,1,401,2,885,866.3,777.1,992.9,358.1,350.6
36,1,503,2,1058.9,1070.1,1051.2,1066.7,428.5,433
36,1,505,2,917.2,883.3,778.1,1056.4,371.2,357.5
36,1,517,2,1034,1004.7,1013.2,1054.7,418.4,406.6
36,1,519,2,759.2,733.1,752.9,765.4,307.2,296.7
36,1,701,1,468.4,495.3,468.4,468.4,189.5,200.5
36,1,705,1,246.5,297.3,246.5,246.5,99.7,120.3
36,1,708,1,796.6,727.7,796.6,796.6,322.4,294.5
36,1,801,7,854.6,878,608.7,890,345.9,355.3
36,1,802,1,561.6,517.9,561.6,561.6,227.3,209.6
36,1,805,6,909.8,778.1,667.5,1109.7,368.2,314.9
36,1,901,1,1007.7,953.5,1007.7,1007.7,407.8,385.9
36,1,902,1,998.1,973,998.1,998.1,403.9,393.7
36,1,995,1,501.8,529.6,501.8,501.8,203.1,214.3
36,3,102,2,1201.8,1203.6,1102.6,1301.1,486.4,487.1
36,3,103,3,681.5,558.4,408.3,897.4,275.8,226
36,3,381,3,821.6,840,795.7,866.1,332.5,339.9
36,3,384,2,579.8,607.1,493.9,665.7,234.6,245.7
36,3,401,4,1067.2,810.6,740.2,1118.3,431.9,328
36,3,503,8,870.9,873.6,620.9,1103.6,352.5,353.5
36,3,505,1,906.1,893.7,906.1,906.1,366.7,361.6
36,3,516,3,737.9,740.2,662.8,790.8,298.6,299.5
36,3,519,2,744.9,792.7,625.9,863.8,301.4,320.8
36,3,520,1,545.4,491.1,545.4,545.4,220.7,198.8
36,3,704,1,273.4,320.6,273.4,273.4,110.7,129.7
36,3,705,1,1917.1,1724.8,1917.1,1917.1,775.8,698
36,3,709,1,770.8,754.6,770.8,770.8,311.9,305.4
36,3,801,20,966.5,932.3,768.4,1116.5,391.1,377.3
36,3,805,20,883.3,849.5,762.2,995.7,357.5,343.8
36,3,809,4,871.7,915.6,765.3,1063.8,352.7,370.5
36,3,901,3,527.4,461.6,357.5,665.5,213.4,186.8
36,3,962,2,583.2,526.5,533.6,632.9,236,213.1
36,5,515,1,1558.8,1542,1558.8,1558.8,630.8,624
36,5,520,1,1031.6,975,1031.6,1031.6,417.5,394.6
36,7,103,2,1057.9,1086.5,1048,1067.8,428.1,439.7
36,7,122,1,1046.2,995.7,1046.2,1046.2,423.4,402.9
36,7,381,1,1313.6,1225.4,1313.6,1313.6,531.6,495.9
36,7,384,1,1308.9,1268.7,1308.9,1308.9,529.7,513.4
36,7,401,3,1000.3,1035.3,970.7,1025.5,404.8,419
36,7,409,1,1010.9,963.5,1010.9,1010.9,409.1,389.9
36,7,503,6,871,876.6,704.3,1043.4,352.5,354.7
36,7,505,4,1138.4,1119.5,1094.3,1218.8,460.7,453.1
36,7,516,1,823.1,673.1,823.1,823.1,333.1,272.4
36,7,517,1,112.3,119.4,112.3,112.3,45.4,48.3
36,7,520,1,1907.8,1873.5,1907.8,1907.8,772.1,758.2
36,7,707,1,688.1,749,688.1,688.1,278.5,303.1
36,7,801,12,1009.8,976.4,858.4,1111,408.6,395.2
36,7,802,1,554.7,506.9,554.7,554.7,224.5,205.1
36,7,805,6,1008.6,931.3,793.2,1075.6,408.2,376.9
36,7,809,8,952.4,1015.6,682.3,1161.9,385.4,411
36,7,901,3,663.3,479.7,442.4,797.4,268.4,194.1
36,7,962,1,274.3,267,274.3,274.3,111,108.1
36,9,103,1,1752.8,1661.3,1752.8,1752.8,709.3,672.3
36,9,105,4,978.2,882.6,807.2,1087,395.9,357.2
36,9,381,1,706.7,725.5,706.7,706.7,286,293.6
36,9,384,2,1025.9,1031.3,892.3,1159.5,415.2,417.4
36,9,385,1,1130.2,1149.4,1130.2,1130.2,457.4,465.1
36,9,503,5,681.9,678.9,638,858.5,276,274.8
36,9,505,3,1205.7,1027.9,1011.4,1334.4,487.9,416
36,9,512,1,796.8,754.5,796.8,796.8,322.5,305.4
36,9,515,1,679.7,661.9,679.7,679.7,275.1,267.9
36,9,516,1,1088.8,1102.4,1088.8,1088.8,440.6,446.1
36,9,517,1,363.4,350.7,363.4,363.4,147.1,141.9
36,9,519,4,804.3,781.3,682.7,902.5,325.5,316.2
36,9,520,2,827.1,832.8,688.6,965.7,334.7,337
36,9,701,1,913,964.8,913,913,369.5,390.4
36,9,704,1,1242.6,1235.2,1242.6,1242.6,502.8,499.9
36,9,708,1,1017.8,977.4,1017.8,1017.8,411.9,395.5
36,9,801,34,928.8,906.9,755.3,1100.5,375.9,367
36,9,802,2,1370,1333.2,1311,1429,554.4,539.5
36,9,805,20,826.6,771.1,688.6,1009,334.5,312
36,9,809,13,977.3,865,819.7,1164.8,395.5,350
36,9,901,7,811.3,987.7,627.2,1015.4,328.3,399.7
36,9,962,4,485.5,465.4,320.9,630,196.5,188.4
36,9,999,3,978.1,1392.4,826.9,1274.3,395.8,563.5
36,11,384,1,1557.2,1553.7,1557.2,1557.2,630.2,628.8
36,11,503,5,838.8,841.6,813,881.4,339.4,340.6
36,11,505,1,1024,959.2,1024,1024,414.4,388.2
36,11,513,1,866.6,871.9,866.6,866.6,350.7,352.8
36,11,516,1,777,686.3,777,777,314.5,277.7
36,11,520,1,790.6,775.1,790.6,790.6,319.9,313.7
36,11,701,1,971.4,952.2,971.4,971.4,393.1,385.3
36,11,703,1,941.2,902,941.2,941.2,380.9,365
36,11,704,2,1345.8,1417.8,887.3,1804.3,544.6,573.8
36,11,706,3,752.2,867.4,667.6,884.5,304.4,351
36,11,707,1,1504.1,1576.2,1504.1,1504.1,608.7,637.9
36,11,709,1,655.8,645.8,655.8,655.8,265.4,261.4
36,11,801,6,1031.5,970.6,985.2,1011.3,417.4,392.8
36,11,802,1,1266.8,1219.9,1266.8,1266.8,512.6,493.7
36,11,805,8,735,628.2,542,899.8,297.4,254.2
36,11,901,1,955,948.2,955,955,386.5,383.7
36,11,999,1,988.1,950.8,988.1,988.1,399.9,384.8
36,13,103,1,691.8,663.2,691.8,691.8,280,268.4
36,13,381,1,833.2,873.2,833.2,833.2,337.2,353.4
36,13,503,2,1347.3,1236.5,1340.1,1354.5,545.2,500.4
36,13,505,1,446.9,425.8,446.9,446.9,180.8,172.3
36,13,513,2,596.7,584.1,586.2,607.3,241.5,236.4
36,13,517,2,506.5,466.9,412.3,600.7,205,188.9
36,13,519,2,881.9,853.1,843,920.9,356.9,345.2
36,13,520,1,734,778.2,734,734,297.1,314.9
36,13,608,2,714.1,768,701.7,726.5,289,310.8
36,13,704,1,360.4,406,360.4,360.4,145.8,164.3
36,13,705,1,791.3,1029.3,791.3,791.3,320.2,416.5
36,13,706,2,481.5,452.3,468.4,494.6,194.9,183
36,13,707,1,1102.2,1021.5,1102.2,1102.2,446.1,413.4
36,13,708,2,834.3,862.5,752.7,915.9,337.6,349.1
36,13,801,26,913.4,911.6,691.5,1019.6,369.6,368.9
36,13,805,14,817.5,778.6,744.9,929.4,330.8,315.1
36,13,809,5,1015,919,861.2,1145.4,410.8,371.9
36,13,901,5,520.4,572.1,345.9,632.9,210.6,231.5
36,13,999,2,457.1,439.2,447.6,466.6,185,177.7
36,15,103,4,944.5,823.1,777.9,994.7,382.2,333.1
36,15,167,1,704.9,708,704.9,704.9,285.3,286.5
36,15,381,1,590,661.1,590,590,238.7,267.5
36,15,401,1,877.2,915.9,877.2,877.2,355,370.6
36,15,503,2,859.9,832.8,797,922.7,348,337
36,15,505,3,1151.9,980.1,949.5,1276.9,466.1,396.6
36,15,519,1,906.6,902.1,906.6,906.6,366.9,365.1
36,15,520,1,638.6,599.3,638.6,638.6,258.4,242.5
36,15,706,1,453.6,403.3,453.6,453.6,183.6,163.2
36,15,801,8,1026.3,1052.2,806.4,1200.5,415.3,425.8
36,15,805,5,873.6,793.7,730.3,830,353.5,321.2
36,15,901,1,822.3,837.8,822.3,822.3,332.8,339
36,15,999,2,404.8,389.8,351.4,458.1,163.8,157.8
36,17,102,1,1249.9,1232.7,1249.9,1249.9,505.8,498.9
36,17,103,2,1170.9,1130.4,1128.7,1213.1,473.9,457.5
36,17,104,2,1131.9,1034.1,1080.2,1183.6,458.1,418.5
36,17,105,4,1142.5,1106.4,1003.7,1272.8,462.3,447.7
36,17,385,1,1265.8,1195,1265.8,1265.8,512.2,483.6
36,17,401,3,1358.8,1457,1138.1,1648.9,549.9,589.6
36,17,409,2,1208.1,1146.1,1102.5,1313.7,488.9,463.8
36,17,503,1,848,791.9,848,848,343.2,320.5
36,17,505,2,1078.5,1037.5,1024.5,1132.5,436.5,419.9
36,17,515,1,1173.7,1134.9,1173.7,1173.7,475,459.3
36,17,516,2,806.1,776.4,544.4,1067.8,326.2,314.2
36,17,517,3,810.4,728,541.4,1034.1,328,294.6
36,17,519,4,887.9,874.2,815.8,1001.2,359.3,353.8
36,17,520,1,524.1,511.5,524.1,524.1,212.1,207
36,17,801,20,925.6,906.3,778.7,1007.7,374.6,366.8
36,17,802,1,1110.1,1070.6,1110.1,1110.1,449.2,433.3
36,17,805,7,628.2,637.1,485.5,769.5,254.2,257.8
36,17,809,9,1092.9,1046.1,916.7,1216.2,442.3,423.4
36,17,962,2,967.5,921.5,707.5,1227.5,391.5,372.9
36,17,999,2,626,618.4,456.9,795.1,253.3,250.3
36,19,103,7,1004.5,922,758.8,1165.7,406.5,373.1
36,19,104,1,1430.1,1321.2,1430.1,1430.1,578.7,534.7
36,19,105,3,1067,1054.8,1039.9,1120.1,431.8,426.9
36,19,121,8,1128.8,1118.7,947.8,1403.6,456.8,452.7
36,19,127,3,979.1,1113.6,841.1,1186.8,396.2,450.7
36,19,401,2,585.2,583.7,549.5,620.8,236.8,236.2
36,19,503,2,744.3,708.6,618.3,870.3,301.2,286.8
36,19,505,1,834.3,739.6,834.3,834.3,337.6,299.3
36,19,509,1,563.3,571.2,563.3,563.3,228,231.1
36,19,513,1,700,670.4,700,700,283.3,271.3
36,19,516,1,983.2,986.8,983.2,983.2,397.9,399.4
36,19,517,4,754.8,578.2,481.6,876.5,305.5,234
36,19,519,1,777.5,781.1,777.5,777.5,314.6,316.1
36,19,701,2,701.5,679.5,644.3,758.7,283.9,275
36,19,705,1,1359.3,1314.4,1359.3,1359.3,550.1,531.9
36,19,706,1,926.2,912.6,926.2,926.2,374.8,369.3
36,19,707,1,1006.9,1013.9,1006.9,1006.9,407.5,410.3
36,19,708,3,556.7,555.2,503.3,616.8,225.3,224.7
36,19,801,30,969.2,921.9,760.2,1192.1,392.2,373.1
36,19,805,8,900.1,763.3,726.3,931.2,364.3,308.9
36,19,809,5,697.4,767.4,542.7,775.5,282.2,310.6
36,19,901,6,1127.2,1117.2,827.9,1493.3,456.2,452.1
36,19,902,2,668.2,691.1,600.1,736.3,270.4,279.7
36,19,999,1,338.7,380,338.7,338.7,137.1,153.8
36,21,103,4,904.3,976.4,604.6,1227.3,366,395.1
36,21,105,1,1218.7,1195.9,1218.7,1218.7,493.2,484
36,21,171,1,878.7,837.8,878.7,878.7,355.6,339
36,21,401,1,956.1,910.5,956.1,956.1,386.9,368.4
36,21,503,8,952.5,939.9,836.7,1097.5,385.5,380.4
36,21,505,3,890.6,880.7,885.7,897.4,360.4,356.4
36,21,512,1,815.9,866,815.9,815.9,330.2,350.5
36,21,515,1,747.3,727.2,747.3,747.3,302.4,294.3
36,21,516,1,694.8,692.9,694.8,694.8,281.2,280.4
36,21,517,1,1308.2,1217,1308.2,1308.2,529.4,492.5
36,21,705,1,482.9,516,482.9,482.9,195.4,208.8
36,21,706,1,744,708.8,744,744,301.1,286.8
36,21,708,2,765.5,774.3,725.1,805.9,309.8,313.4
36,21,801,8,980.2,928.9,833.9,1082.3,396.7,375.9
36,21,802,1,383,452.3,383,383,155,183
36,21,805,5,736.3,722.4,610.4,845.4,298,292.3
36,21,902,1,633,702.1,633,633,256.2,284.1
36,21,962,2,783.8,750.7,724.8,842.8,317.2,303.8
36,21,999,1,394.5,411.8,394.5,394.5,159.7,166.7
36,23,103,2,1697.7,1590.9,1603.6,1791.9,687,643.8
36,23,123,1,520.8,410.7,520.8,520.8,210.7,166.2
36,23,384,1,2580.6,2181.9,2580.6,2580.6,1044.3,883
36,23,516,2,829.3,795.2,640.2,1018.4,335.6,321.8
36,23,517,5,750.3,737.7,660.5,718.4,303.6,298.6
36,23,519,2,756.8,746.7,551.1,962.5,306.3,302.2
36,23,703,1,337.4,330.4,337.4,337.4,136.5,133.7
36,23,801,13,746.9,772,548.8,901.9,302.3,312.4
36,23,802,2,620.5,662.9,514.3,726.7,251.1,268.3
36,23,805,12,962.6,838.6,765.2,1022.3,389.6,339.4
36,23,809,3,837.8,782.9,780.5,879.3,339,316.8
36,23,962,1,774.1,749.5,774.1,774.1,313.3,303.3
36,23,999,1,567.6,592.1,567.6,567.6,229.7,239.6
36,25,103,2,1091.2,1088.1,946.9,1235.4,441.6,440.3
36,25,105,2,1061.3,1073.5,1001.7,1120.8,429.5,434.4
36,25,401,4,871.9,833.9,729.8,1014.2,352.9,337.5
36,25,503,3,1099.8,845.7,739.9,1333.2,445.1,342.2
36,25,505,2,1143,1057.3,1040.9,1245.1,462.6,427.9
36,25,516,3,1127.1,1265.5,785.8,1588.6,456.1,512.1
36,25,517,3,489.9,402.7,452,519.3,198.3,163
36,25,519,4,890,889.6,708.4,1064.9,360.2,360
36,25,520,1,1098,1068.4,1098,1098,444.3,432.4
36,25,708,1,286.6,293.7,286.6,286.6,116,118.8
36,25,801,60,923.7,857.8,691.1,1046.4,373.8,347.2
36,25,802,1,754.1,745.4,754.1,754.1,305.2,301.7
36,25,805,16,1006.1,910.9,778.5,1208.3,407.2,368.6
36,25,809,23,975,960.4,849.7,1082.9,394.6,388.6
36,25,901,1,704.9,621.1,704.9,704.9,285.2,251.4
36,25,962,1,1014.1,861.1,1014.1,1014.1,410.4,348.5
36,27,171,1,1041.6,1005.6,1041.6,1041.6,421.5,406.9
36,27,381,1,605.4,581.5,605.4,605.4,245,235.3
36,27,401,1,913.4,898.4,913.4,913.4,369.6,363.6
36,27,402,1,431.6,444.5,431.6,431.6,174.6,179.9
36,27,502,3,731.4,719.4,653.8,818.6,296,291.1
36,27,503,9,862.4,815.1,651.8,985.4,349,329.9
36,27,504,1,1096.7,1065.2,1096.7,1096.7,443.8,431.1
36,27,505,6,802.2,771.6,728.3,888.2,324.6,312.3
36,27,506,3,846.9,900.1,762.4,994.8,342.7,364.2
36,27,507,1,1181.6,1167.4,1181.6,1181.6,478.2,472.4
36,27,510,1,1390.5,1354.5,1390.5,1390.5,562.7,548.2
36,27,512,1,668.6,703.3,668.6,668.6,270.6,284.6
36,27,515,5,866.6,803.2,745.2,867.7,350.7,325
36,27,519,1,757.6,735.7,757.6,757.6,306.6,297.7
36,27,701,1,996.9,986.5,996.9,996.9,403.4,399.2
36,27,704,1,622.5,640.9,622.5,622.5,251.9,259.4
36,27,708,4,807.8,783.3,642.2,915.6,326.9,317
36,27,801,7,740.3,711.4,571.9,840.5,299.6,287.9
36,27,802,2,739.5,727.8,648.9,830.1,299.3,294.5
36,27,805,5,525.8,526.6,447.1,575.6,212.8,213.1
36,27,999,2,614.9,603.3,536.9,692.9,248.8,244.1
36,29,103,1,1117.8,1080.9,1117.8,1117.8,452.3,437.4
36,29,381,2,428.9,448.6,427.3,430.6,173.6,181.5
36,29,503,4,784.1,900.9,580.6,1073.2,317.3,364.6
36,29,517,1,561,623.2,561,561,227,252.2
36,29,519,2,905.3,869.4,898.4,912.1,366.4,351.8
36,29,701,3,700.8,774.5,609.5,839.5,283.6,313.4
36,29,702,1,382.6,411.2,382.6,382.6,154.9,166.4
36,29,703,3,658.1,575.4,561.3,741.2,266.3,232.9
36,29,706,5,520.5,426.2,394.9,572.5,210.6,172.5
36,29,707,1,572.8,562.8,572.8,572.8,231.8,227.8
36,29,708,5,794.3,803.7,679.1,856.3,321.4,325.3
36,29,801,7,894.2,960.3,715.3,1080,361.9,388.6
36,29,802,1,1218.1,1165.6,1218.1,1218.1,492.9,471.7
36,29,805,5,969.1,700,695.4,1383.5,392.2,283.3
36,29,809,4,1107.5,1075.3,819.1,1366.5,448.2,435.2
36,29,901,3,562.9,585.4,511.3,629.2,227.8,236.9
36,29,995,1,402.3,408,402.3,402.3,162.8,165.1
36,29,999,2,570.4,640.9,546,594.7,230.8,259.4
36,31,102,2,530.7,556,450.7,610.8,214.8,225
36,31,103,9,1130.3,937.2,790.6,1364.8,457.4,379.3
36,31,104,2,1813,1797.5,1326.1,2300,733.7,727.4
36,31,105,5,1081,1025.9,1041.3,1229.3,437.5,415.2
36,31,121,10,925.9,1036.8,894.4,1084.4,374.7,419.6
36,31,123,3,1044,936.6,888.9,1154.4,422.5,379
36,31,124,8,1095,1150.9,941.4,1232.9,443.1,465.8
36,31,127,2,1664.3,1620,1521,1807.7,673.5,655.6
36,31,401,12,1058.4,1042.9,922.6,1168.1,428.3,422
36,31,409,1,608.8,608.7,608.8,608.8,246.4,246.3
36,31,503,5,950.4,871.2,750.6,1118.7,384.6,352.6
36,31,505,5,747.2,764.1,706.8,815.1,302.4,309.2
36,31,517,2,571.1,555.4,446.9,695.2,231.1,224.8
36,31,703,1,482.6,463.1,482.6,482.6,195.3,187.4
36,31,801,95,927,901.5,743.8,1074.7,375.2,364.8
36,31,805,11,874.1,783.4,624.2,1150.9,353.7,317
36,31,809,3,1011.5,1051.6,979,1035.6,409.3,425.6
36,31,901,1,1028.2,1032.4,1028.2,1028.2,416.1,417.8
36,31,902,7,956.1,975.1,833.9,1065.4,386.9,394.6
36,31,962,1,835,774.6,835,835,337.9,313.5
36,31,999,1,504.8,552.1,504.8,504.8,204.3,223.4
36,33,103,5,959.3,781.9,756.1,831.4,388.2,316.4
36,33,104,2,867.7,863,796.9,938.5,351.1,349.2
36,33,121,8,890.2,844.1,775.4,1032.8,360.3,341.6
36,33,123,5,788,782.4,669.9,937.7,318.9,316.6
36,33,124,5,1092.3,926.6,888,1212.4,442,375
36,33,125,6,662.1,580.4,478.6,696.3,268,234.9
36,33,127,3,1199.4,1093.3,1046.2,1301.4,485.4,442.4
36,33,381,1,1044.9,1023,1044.9,1044.9,422.8,414
36,33,384,4,1058.2,1020.7,984.1,1112,428.2,413.1
36,33,401,1,889.4,966.6,889.4,889.4,359.9,391.2
36,33,503,1,1210.1,1191.9,1210.1,1210.1,489.7,482.4
36,33,516,1,252.1,310.5,252.1,252.1,102,125.6
36,33,517,1,519.8,504.2,519.8,519.8,210.3,204
36,33,701,3,754.3,633,619.1,829.9,305.3,256.2
36,33,702,1,648.9,558.5,648.9,648.9,262.6,226
36,33,705,1,391.7,478.6,391.7,391.7,158.5,193.7
36,33,706,1,479,455.5,479,479,193.8,184.3
36,33,708,2,641.3,606.5,597.5,685.1,259.5,245.5
36,33,801,78,945.5,884,767.3,1110.5,382.6,357.7
36,33,805,7,851.2,785.6,715.4,916.6,344.5,317.9
36,33,809,15,893.3,812.7,742.9,1037.7,361.5,328.9
36,33,901,2,448.5,299.9,434.3,462.7,181.5,121.4
36,33,902,1,1028.6,1036.4,1028.6,1028.6,416.2,419.4
36,33,903,1,743.6,708.1,743.6,743.6,300.9,286.6
36,35,103,2,1342.3,1292.4,1334.2,1350.4,543.2,523
36,35,104,2,1176.7,1138.7,1174.5,1179,476.2,460.8
36,35,105,2,1073.8,1125.4,1022.6,1125,434.6,455.4
36,35,123,1,828.3,852.3,828.3,828.3,335.2,344.9
36,35,401,5,1346.6,1335.3,1246.3,1518.3,544.9,540.4
36,35,505,2,866.6,867.8,846.1,887.1,350.7,351.2
36,35,517,1,566.7,557,566.7,566.7,229.3,225.4
36,35,704,1,810.8,739.4,810.8,810.8,328.1,299.2
36,35,801,26,1033.7,1032.2,855,1208.4,418.3,417.7
36,35,805,2,769.2,767.7,711.9,826.5,311.3,310.7
36,35,809,4,1088.5,1119.4,1065.5,1142,440.5,453
36,35,962,2,803.7,778.7,608.6,998.9,325.3,315.1
36,35,995,1,604.5,667.9,604.5,604.5,244.6,270.3
36,37,102,1,1133.9,1136.6,1133.9,1133.9,458.9,460
36,37,503,2,801.1,790.1,735.5,866.6,324.2,319.8
36,37,517,1,387.7,379.6,387.7,387.7,156.9,153.6
36,37,701,1,441.6,439.9,441.6,441.6,178.7,178
36,37,706,3,468.2,422.6,376.8,541.7,189.5,171
36,37,707,3,978.2,1020.6,883.7,1124.3,395.8,413
36,37,708,2,909.6,872.8,839.2,980.1,368.1,353.2
36,37,805,6,810.9,812,529.3,1105.2,328.1,328.6
36,37,809,1,1138,1072.2,1138,1138,460.5,433.9
36,39,103,3,1144.6,1248.4,1093.9,1233.1,463.2,505.2
36,39,105,1,1256.1,1231.4,1256.1,1256.1,508.3,498.3
36,39,401,2,980.1,1027,917.1,1043.2,396.6,415.6
36,39,402,1,670.9,652.8,670.9,670.9,271.5,264.2
36,39,503,5,1143.4,992.7,922.3,1308.3,462.7,401.8
36,39,505,3,1128.8,1104.2,944.1,1293.5,456.8,446.9
36,39,515,3,828.4,952.1,700.6,1014,335.2,385.3
36,39,516,1,605.1,759.2,605.1,605.1,244.9,307.2
36,39,517,1,652.7,628.8,652.7,652.7,264.1,254.5
36,39,520,1,930.2,934.2,930.2,930.2,376.4,378
36,39,701,1,1252,1268.2,1252,1252,506.6,513.2
36,39,706,1,682.6,697.8,682.6,682.6,276.2,282.4
36,39,708,1,330.2,317.7,330.2,330.2,133.6,128.6
36,39,801,21,1054.6,1033,868.8,1209.8,426.8,418
36,39,805,11,956.8,838.1,788.4,1135.1,387.2,339.2
36,39,809,1,980.1,889.8,980.1,980.1,396.7,360.1
36,39,902,1,1043.9,1009.5,1043.9,1043.9,422.5,408.5
36,39,999,2,661.3,707,660.3,662.4,267.6,286.1
36,41,103,3,1025.2,947.4,973.2,1065.4,414.9,383.4
36,41,105,8,1055.4,978.8,862.3,1318.3,427.1,396.1
36,41,121,3,786.8,729.7,570.8,944.1,318.4,295.3
36,41,123,3,1239.3,1171,1229.9,1253.3,501.5,473.9
36,41,124,9,1136.2,925.4,860,1556.9,459.8,374.5
36,41,126,3,706.1,872.6,590.9,873.8,285.8,353.1
36,41,384,1,1008.1,978.7,1008.1,1008.1,408,396.1
36,41,401,1,1099,1048,1099,1099,444.7,424.1
36,41,708,1,635.8,637.1,635.8,635.8,257.3,257.8
36,41,801,128,988.5,941.8,806.8,1126.8,400,381.1
36,41,805,5,882.3,891.3,764.7,947.2,357,360.7
36,41,809,10,965.6,983,931.2,1079.7,390.8,397.8
36,41,901,1,447,418.8,447,447,180.9,169.5
36,41,902,1,1002.5,1138.8,1002.5,1002.5,405.7,460.8
36,43,102,1,723.4,689.1,723.4,723.4,292.7,278.9
36,43,105,3,1106.5,1225.1,962.8,1310.6,447.8,495.8
36,43,121,2,832.3,860.7,760.1,904.6,336.8,348.3
36,43,123,3,1048.8,1133.5,983.9,1163.6,424.4,458.7
36,43,124,3,837.7,811.7,807,869.6,339,328.5
36,43,126,1,772.7,761.6,772.7,772.7,312.7,308.2
36,43,381,1,740.4,760.5,740.4,740.4,299.6,307.8
36,43,503,3,820.3,777.3,806,835.5,332,314.6
36,43,516,1,788.1,756.3,788.1,788.1,318.9,306.1
36,43,517,2,424.3,483.8,384.7,463.8,171.7,195.8
36,43,706,1,562.7,552.2,562.7,562.7,227.7,223.5
36,43,708,1,982.2,1019.2,982.2,982.2,397.5,412.5
36,43,801,68,893.9,867.2,713.2,1052.5,361.7,350.9
36,43,802,2,868.5,847.4,814.5,922.4,351.5,342.9
36,43,805,8,955.9,986,735,1072.5,386.8,399
36,43,809,13,931.8,900.6,773.4,1017.7,377.1,364.5
36,43,901,3,488.9,522.8,425.2,542.3,197.9,211.6
36,43,962,2,545,537.5,527.5,562.4,220.5,217.5
36,43,995,1,254.1,243.5,254.1,254.1,102.8,98.6
36,45,102,1,891,867.4,891,891,360.6,351
36,45,103,4,690.4,686.8,387.3,984.6,279.4,277.9
36,45,104,1,1566.8,1425.2,1566.8,1566.8,634,576.8
36,45,105,1,1116.8,1152.4,1116.8,1116.8,452,466.4
36,45,122,2,479.4,518.1,427.3,531.5,194,209.7
36,45,127,2,735.1,768.2,532.2,938,297.5,310.9
36,45,171,2,891.8,839.7,698.1,1085.6,360.9,339.8
36,45,401,3,961.7,987.6,846.2,1106,389.2,399.7
36,45,402,1,520.6,568.4,520.6,520.6,210.7,230
36,45,503,7,773.3,804.1,650,870,313,325.4
36,45,505,1,391.9,367.5,391.9,391.9,158.6,148.7
36,45,509,2,713.9,668.8,657.1,770.6,288.9,270.7
36,45,513,1,673.3,578.5,673.3,673.3,272.5,234.1
36,45,516,1,938.4,886.7,938.4,938.4,379.8,358.8
36,45,517,3,611.2,644.9,528.4,662.3,247.4,261
36,45,519,1,935.5,912.3,935.5,935.5,378.6,369.2
36,45,520,1,530.7,603.7,530.7,530.7,214.8,244.3
36,45,701,4,537.8,505.6,401.8,626.4,217.7,204.6
36,45,706,5,1164.3,902.4,905.8,1632.2,471.2,365.2
36,45,708,2,686.3,658.3,516.1,856.5,277.7,266.4
36,45,801,12,761.8,698.9,496,957.1,308.3,282.8
36,45,802,1,444.2,550.6,444.2,444.2,179.8,222.8
36,45,805,11,862.9,744.3,658.9,1088.3,349.2,301.2
36,45,809,1,1071.7,1022.4,1071.7,1071.7,433.7,413.7
36,45,901,2,648.6,642.6,619.2,677.9,262.5,260.1
36,45,902,1,596.8,626.1,596.8,596.8,241.5,253.4
36,45,903,2,892.1,796.3,683.9,1100.4,361,322.3
36,45,962,1,158.6,159.1,158.6,158.6,64.2,64.4
36,45,995,5,360.2,338.9,262.4,441.8,145.8,137.2
36,45,999,2,410.5,417.3,331,490,166.1,168.9
36,49,102,2,1146.5,1153.1,1064.7,1228.2,464,466.7
36,49,103,10,867.4,807.9,718,881.5,351,327
36,49,105,2,999.3,1005.1,942.5,1056.2,404.4,406.7
36,49,121,3,882.4,926.6,715.3,1106.9,357.1,375
36,49,122,1,630.3,742.2,630.3,630.3,255.1,300.4
36,49,126,1,701.8,692.2,701.8,701.8,284,280.1
36,49,127,1,1425.5,1396.9,1425.5,1425.5,576.9,565.3
36,49,401,1,1779.4,1742.4,1779.4,1779.4,720.1,705.1
36,49,503,1,1323.3,1336.6,1323.3,1323.3,535.5,540.9
36,49,517,1,744.9,774,744.9,744.9,301.5,313.2
36,49,701,3,669.4,656.7,506.9,764.2,270.9,265.7
36,49,706,1,537,540.7,537,537,217.3,218.8
36,49,707,1,1098.1,1096.3,1098.1,1098.1,444.4,443.7
36,49,708,5,846.9,856.3,776,973.5,342.7,346.5
36,49,801,58,944.7,923.5,783.7,1107.3,382.3,373.7
36,49,802,1,899,906.2,899,899,363.8,366.7
36,49,805,6,983.3,951.6,913.5,1011.2,397.9,385.1
36,49,809,13,983.4,899.5,777.7,1139.2,398,364
36,49,901,2,545.6,574.3,457.7,633.5,220.8,232.4
36,49,903,2,801.1,768.7,693.7,908.5,324.2,311.1
36,49,962,1,402.3,386.9,402.3,402.3,162.8,156.6
36,49,995,1,165,163.4,165,165,66.8,66.1
36,49,999,1,603.3,614.9,603.3,603.3,244.2,248.8
36,51,401,1,1661.7,1614.6,1661.7,1661.7,672.5,653.4
36,51,502,1,1179.8,1141.7,1179.8,1179.8,477.4,462
36,51,503,4,1068.4,1047.2,829.4,1332.4,432.4,423.8
36,51,505,3,825.1,787.2,771,869.2,333.9,318.6
36,51,512,1,521.1,581.7,521.1,521.1,210.9,235.4
36,51,517,1,693.9,740.1,693.9,693.9,280.8,299.5
36,51,520,3,679,731.9,651.5,700.9,274.8,296.2
36,51,706,2,446.6,446.2,413.1,480,180.7,180.6
36,51,709,1,1090.7,1049,1090.7,1090.7,441.4,424.5
36,51,801,5,706,846.1,579.2,865.3,285.7,342.4
36,51,805,7,900.6,940,535.4,1010.6,364.5,380.4
36,51,901,1,490.6,317.8,490.6,490.6,198.5,128.6
36,51,962,1,293,300.4,293,293,118.6,121.6
36,51,999,1,615.4,609.6,615.4,615.4,249.1,246.7
36,53,103,1,686.8,631.7,686.8,686.8,277.9,255.7
36,53,121,1,1276.8,1296.8,1276.8,1276.8,516.7,524.8
36,53,122,1,1126.8,1145.4,1126.8,1126.8,456,463.5
36,53,127,1,1442.1,1463.9,1442.1,1442.1,583.6,592.4
36,53,384,1,793.6,823.3,793.6,793.6,321.1,333.2
36,53,401,1,919.7,942.6,919.7,919.7,372.2,381.5
36,53,409,2,1155.7,1138.8,1137.6,1173.8,467.7,460.8
36,53,503,1,693.6,638.8,693.6,693.6,280.7,258.5
36,53,516,1,703.2,707.8,703.2,703.2,284.6,286.4
36,53,517,2,903.5,845.3,772.7,1034.3,365.6,342.1
36,53,520,1,546.5,560.2,546.5,546.5,221.2,226.7
36,53,703,1,768.3,839.5,768.3,768.3,310.9,339.7
36,53,704,1,819.2,800.5,819.2,819.2,331.5,324
36,53,705,1,949.9,944.1,949.9,949.9,384.4,382.1
36,53,706,1,696.7,707.3,696.7,696.7,282,286.3
36,53,708,1,747.3,733.5,747.3,747.3,302.4,296.9
36,53,801,8,798,785,715.6,854.5,323,317.7
36,53,802,2,732.3,648.1,633.8,830.8,296.3,262.3
36,53,805,12,735.5,716.5,545.2,853.9,297.7,290
36,53,809,1,899.2,1019.4,899.2,899.2,363.9,412.5
36,53,901,2,857.7,760.7,740.8,974.5,347.1,307.9
36,53,962,1,386.1,416,386.1,386.1,156.2,168.4
36,55,381,1,750.4,789.2,750.4,750.4,303.7,319.4
36,55,503,2,797.8,765.8,797.4,798.2,322.9,309.9
36,55,513,1,881.6,848.2,881.6,881.6,356.8,343.3
36,55,517,1,1144.1,1203.4,1144.1,1144.1,463,487
36,55,519,1,1256.4,1187.5,1256.4,1256.4,508.5,480.6
36,55,701,1,331.5,336.8,331.5,331.5,134.2,136.3
36,55,703,2,1125,1076.1,1032.6,1217.5,455.3,435.5
36,55,704,1,922.7,896.8,922.7,922.7,373.4,362.9
36,55,706,5,894.2,986.1,580.4,1109.6,361.9,399.1
36,55,708,2,1069.8,1012.6,975.9,1163.7,432.9,409.8
36,55,709,1,536.1,549.2,536.1,536.1,217,222.3
36,55,801,3,863.3,790.8,516.7,1166.8,349.4,320
36,55,805,3,493.8,616.4,417.7,596.7,199.8,249.5
36,55,995,1,514.4,496.7,514.4,514.4,208.2,201
36,55,999,1,686.7,642.1,686.7,686.7,277.9,259.8
36,57,123,1,791.4,774.3,791.4,791.4,320.3,313.4
36,57,401,2,841.9,807,820.6,863.1,340.7,326.6
36,57,409,1,1078,1079.5,1078,1078,436.3,436.9
36,57,503,1,434.1,454.9,434.1,434.1,175.7,184.1
36,57,505,1,752.4,808.3,752.4,752.4,304.5,327.1
36,57,801,5,1138.8,1190.6,991.5,1283.1,460.9,481.8
36,57,901,3,900.9,919.6,881.9,932.3,364.6,372.1
36,57,962,1,788.3,752.8,788.3,788.3,319,304.7
36,59,103,2,756.4,761.5,736.9,775.8,306.1,308.2
36,59,513,1,473.4,466.4,473.4,473.4,191.6,188.7
36,59,995,1,500.2,501,500.2,500.2,202.4,202.7
36,61,802,1,349.5,329,349.5,349.5,141.4,133.2
36,63,381,1,747.4,798,747.4,747.4,302.5,323
36,63,503,2,532.7,546,482.2,583.3,215.6,220.9
36,63,505,1,1256.5,1236,1256.5,1256.5,508.5,500.2
36,63,516,1,259.3,249.6,259.3,259.3,104.9,101
36,63,517,2,981.3,993.9,777.1,1185.4,397.1,402.2
36,63,519,1,487.3,459.3,487.3,487.3,197.2,185.9
36,63,520,1,1448.2,1318.4,1448.2,1448.2,586.1,533.5
36,63,701,3,1199.6,845.6,754.3,1513.1,485.5,342.2
36,63,703,1,911.7,908.9,911.7,911.7,368.9,367.8
36,63,706,3,868.8,901.5,696.5,1040.8,351.6,364.8
36,63,707,1,1511.1,1445.5,1511.1,1511.1,611.5,585
36,63,801,1,647.7,629.5,647.7,647.7,262.1,254.7
36,63,802,1,983.4,975.1,983.4,983.4,398,394.6
36,63,962,1,920.4,844.4,920.4,920.4,372.5,341.7
36,63,999,1,1085.8,1073.3,1085.8,1085.8,439.4,434.4
36,65,103,6,998.6,1045.3,769.6,1267.6,404.1,423
36,65,105,2,704.4,719.8,573.4,835.3,285,291.3
36,65,126,1,271,264.2,271,271,109.7,106.9
36,65,381,1,469.8,553.9,469.8,469.8,190.1,224.2
36,65,384,1,1476.8,1445.7,1476.8,1476.8,597.7,585.1
36,65,401,2,1061.8,1046.4,1000.1,1123.5,429.7,423.4
36,65,503,1,634.8,691.2,634.8,634.8,256.9,279.7
36,65,505,1,1025.3,1082.1,1025.3,1025.3,414.9,437.9
36,65,516,1,517,486.1,517,517,209.2,196.7
36,65,517,4,926.4,866.9,829.3,992.8,374.9,350.8
36,65,701,2,1117.4,1117.5,1047.4,1187.3,452.2,452.2
36,65,703,2,709.4,694.3,541.4,877.5,287.1,281
36,65,704,2,663.8,625.2,644.1,683.5,268.6,253
36,65,706,2,508.6,530.4,458.9,558.3,205.8,214.6
36,65,707,1,601.9,584.8,601.9,601.9,243.6,236.7
36,65,708,5,771.9,671.6,536.3,971.4,312.4,271.8
36,65,709,1,916.6,915.2,916.6,916.6,370.9,370.4
36,65,801,34,887.4,862.9,705.8,1031.9,359.1,349.2
36,65,802,4,497.1,510.3,458.2,535.7,201.2,206.5
36,65,805,10,825.8,800.1,598.5,902.3,334.2,323.8
36,65,809,7,944.3,977.9,803.7,1099.5,382.1,395.7
36,65,901,4,772.2,776.5,591.4,964.5,312.5,314.2
36,65,903,2,701.5,671.8,664.7,738.4,283.9,271.9
36,65,962,5,613.1,549.4,525.7,765.6,248.1,222.3
36,65,995,2,749.1,770.4,726.8,771.4,303.1,311.8
36,67,503,1,824.3,815.3,824.3,824.3,333.6,329.9
36,67,517,1,429.7,458.3,429.7,429.7,173.9,185.5
36,67,701,2,941.1,971.8,939.4,942.7,380.8,393.3
36,67,703,1,751.9,731.5,751.9,751.9,304.3,296
36,67,704,2,1251.3,1339.4,1152.6,1350,506.4,542
36,67,705,2,931.3,993.4,895.1,967.6,376.9,402
36,67,706,5,511.9,467.6,413.1,473.9,207.2,189.2
36,67,707,2,842.7,846.4,782,903.4,341,342.5
36,67,708,1,809.3,846.5,809.3,809.3,327.5,342.6
36,67,801,11,862.8,819.1,672.1,1053.4,349.1,331.5
36,67,805,10,890.1,812.2,807.8,943.8,360.2,328.7
36,67,809,1,418.7,352.6,418.7,418.7,169.5,142.7
36,67,901,1,566.4,510.8,566.4,566.4,229.2,206.7
36,67,962,2,478.4,485.4,318,638.8,193.6,196.4
36,67,999,1,326.3,374.7,326.3,326.3,132,151.6
36,69,102,3,1139.6,1099.6,1012.5,1243.1,461.2,445
36,69,401,1,919,920,919,919,371.9,372.3
36,69,503,9,808.1,851.7,645.8,1053.6,327,344.7
36,69,505,1,1109.2,1149.4,1109.2,1109.2,448.9,465.1
36,69,513,1,404.7,371.4,404.7,404.7,163.8,150.3
36,69,515,1,1075.3,1038.1,1075.3,1075.3,435.1,420.1
36,69,516,2,802,801.3,786.9,817.1,324.5,324.3
36,69,517,2,801.6,748,763.3,839.9,324.4,302.7
36,69,520,1,626.3,610.6,626.3,626.3,253.4,247.1
36,69,707,1,1054.2,987.9,1054.2,1054.2,426.6,399.8
36,69,708,2,812.5,806.1,780.7,844.4,328.8,326.2
36,69,801,6,795.9,837.1,595,984.1,322.1,338.7
36,69,805,6,789.9,717.2,663.7,946.4,319.7,290.2
36,69,962,1,405,377.4,405,405,163.9,152.7
36,69,995,1,258,284,258,258,104.4,114.9
36,69,999,1,352.6,342.8,352.6,352.6,142.7,138.7
36,71,103,2,1174.7,1198.9,1025.1,1324.4,475.4,485.2
36,71,171,1,731.5,684.6,731.5,731.5,296,277
36,71,502,3,551.3,580.9,528.4,578,223.1,235.1
36,71,503,17,797.4,865.6,605.9,994.8,322.7,350.3
36,71,505,3,916.7,913.4,885.5,958,371,369.6
36,71,515,3,810.5,805.4,658.1,959.4,328,325.9
36,71,517,3,542.8,598.5,391.1,738,219.7,242.2
36,71,519,1,369.6,389.7,369.6,369.6,149.6,157.7
36,71,520,3,399.7,424.8,372.4,435.9,161.8,171.9
36,71,701,4,599.5,605.7,403.2,796.7,242.6,245.1
36,71,703,1,924.3,899.8,924.3,924.3,374,364.1
36,71,705,1,509.1,522.6,509.1,509.1,206,211.5
36,71,707,1,573.5,596.3,573.5,573.5,232.1,241.3
36,71,708,4,771.5,738.2,753.7,781.5,312.2,298.7
36,71,801,6,866,837.4,766,956.6,350.5,338.9
36,71,802,1,829.9,757.9,829.9,829.9,335.9,306.7
36,71,962,2,896.4,947.3,714.6,1078.2,362.8,383.4
36,71,995,1,896.3,867,896.3,896.3,362.7,350.9
36,71,999,1,449.5,415.8,449.5,449.5,181.9,168.3
36,73,503,1,729.8,706.6,729.8,729.8,295.4,285.9
36,73,517,1,520.1,627.6,520.1,520.1,210.5,254
36,73,519,1,811.4,849.6,811.4,811.4,328.4,343.8
36,73,701,2,554.7,497.3,485,624.3,224.5,201.2
36,73,702,1,1141.2,1120,1141.2,1141.2,461.8,453.3
36,73,705,2,773.2,700.9,686.5,859.8,312.9,283.6
36,73,706,6,662.7,633.2,452.9,825.7,268.2,256.2
36,73,707,2,1008.4,1067.4,886.6,1130.1,408.1,432
36,73,709,1,722.8,640.9,722.8,722.8,292.5,259.4
36,73,801,1,733.1,712.7,733.1,733.1,296.7,288.4
36,75,105,5,1096.1,1109.4,1048.5,1227,443.6,449
36,75,385,1,1258,1150.7,1258,1258,509.1,465.7
36,75,401,5,970.8,951.7,410.4,1413.1,392.9,385.1
36,75,409,1,1445.6,1417,1445.6,1445.6,585,573.4
36,75,503,1,1528.8,1419.1,1528.8,1528.8,618.7,574.3
36,75,512,1,897.6,903.1,897.6,897.6,363.3,365.5
36,75,516,2,781.6,825.9,670.3,892.8,316.3,334.2
36,75,517,2,817.8,779.7,738.5,897.1,330.9,315.5
36,75,519,1,1000,954,1000,1000,404.7,386.1
36,75,520,4,1181.3,1112.4,963.4,1386.8,478.1,450.2
36,75,608,2,954.2,916.1,829.6,1078.7,386.1,370.7
36,75,701,2,783.3,774,768.6,798,317,313.2
36,75,706,2,1109.7,1055.2,1026.1,1193.3,449.1,427
36,75,707,1,1026.1,976,1026.1,1026.1,415.2,395
36,75,708,6,1011,1038.7,918.4,1106.7,409.1,420.4
36,75,801,20,998.1,854.8,795,1207,403.9,345.9
36,75,802,1,1435,1465.2,1435,1435,580.7,592.9
36,75,805,5,697.4,699.4,657.4,708.8,282.2,283
36,75,809,11,983.9,958.4,867.6,1095.5,398.2,387.9
36,75,901,5,846.6,589.5,521,1168.7,342.6,238.6
36,77,102,1,1421.4,1392.8,1421.4,1421.4,575.2,563.7
36,77,103,5,1029.1,1043.6,940.5,1152.6,416.5,422.3
36,77,105,4,1335.2,1326.1,1286.7,1390.2,540.3,536.7
36,77,122,2,578.8,568.8,555.8,601.8,234.2,230.2
36,77,381,2,1365.7,1340.9,1315.6,1415.7,552.7,542.7
36,77,384,3,788.2,918.9,712.2,930.8,319,371.9
36,77,401,2,1119.5,1090.1,1030.4,1208.6,453.1,441.2
36,77,503,3,1055,980.2,897,1188.9,426.9,396.7
36,77,505,5,1160.1,1354.8,905.2,1396.6,469.5,548.3
36,77,516,2,765.6,748.6,760.5,770.6,309.8,302.9
36,77,517,2,461.3,396.6,454.3,468.2,186.7,160.5
36,77,519,1,884,758,884,884,357.7,306.7
36,77,520,1,1002,989.5,1002,1002,405.5,400.4
36,77,801,26,902.6,876.1,758.4,1042.4,365.3,354.5
36,77,802,1,647,673.7,647,647,261.8,272.6
36,77,805,14,853,839.2,758.4,970.8,345.2,339.6
36,77,809,2,544,548.6,504.7,583.2,220.1,222
36,77,901,1,1029.2,960.7,1029.2,1029.2,416.5,388.8
36,77,902,1,1229.2,1134.9,1229.2,1229.2,497.4,459.3
36,77,962,2,515.8,447.9,482.4,549.2,208.8,181.3
36,79,502,1,647.4,641.2,647.4,647.4,262,259.5
36,79,503,1,629.5,624.1,629.5,629.5,254.7,252.6
36,79,505,5,916,927.2,893.7,1021.2,370.7,375.2
36,79,520,1,463.1,489.9,463.1,463.1,187.4,198.2
36,79,608,1,762.9,825.9,762.9,762.9,308.7,334.2
36,79,703,1,1507,1454.8,1507,1507,609.9,588.7
36,79,708,2,499.5,498.3,447.6,551.4,202.1,201.6
36,79,801,3,728.4,661.3,583.2,837.8,294.8,267.6
36,79,962,1,891.6,886.8,891.6,891.6,360.8,358.9
36,79,999,1,691.9,670.5,691.9,691.9,280,271.3
36,83,103,4,904.3,862.6,706.1,1078.8,366,349.1
36,83,104,1,1661,1662.7,1661,1661,672.2,672.9
36,83,105,1,822.5,792.2,822.5,822.5,332.8,320.6
36,83,122,1,504.8,451.2,504.8,504.8,204.3,182.6
36,83,401,6,985.9,917.4,800.3,1337.7,399,371.3
36,83,503,4,813.4,778.8,684.7,865.8,329.2,315.2
36,83,505,5,996.6,944.7,949.5,1035.7,403.3,382.3
36,83,513,2,907.6,908.3,879.2,935.9,367.3,367.6
36,83,515,1,902.4,867.7,902.4,902.4,365.2,351.1
36,83,519,2,754,819.1,652.3,855.7,305.1,331.5
36,83,520,1,265.2,303.4,265.2,265.2,107.3,122.8
36,83,702,1,565.7,495.6,565.7,565.7,228.9,200.6
36,83,703,1,770.2,758.5,770.2,770.2,311.7,307
36,83,708,2,567.9,550.7,528.1,607.6,229.8,222.9
36,83,801,17,945.1,969.1,757.6,1122.7,382.5,392.2
36,83,802,1,379.6,417.3,379.6,379.6,153.6,168.9
36,83,805,1,549.7,537.1,549.7,549.7,222.4,217.4
36,83,809,2,1134.3,1050.4,1105.8,1162.9,459,425.1
36,83,901,1,595.6,586.5,595.6,595.6,241,237.4
36,83,995,1,1249,1173.3,1249,1249,505.4,474.8
36,85,995,1,328.9,332.7,328.9,328.9,133.1,134.6
36,87,502,1,781.2,781.7,781.2,781.2,316.2,316.3
36,87,505,3,663.4,466.5,389.2,846.1,268.5,188.8
36,87,506,1,1064.1,1038.1,1064.1,1064.1,430.6,420.1
36,87,805,1,704.1,716.6,704.1,704.1,284.9,290
36,89,102,2,667.2,679.5,644.8,689.7,270,275
36,89,103,11,941.4,1027.3,760.2,1140.7,381,415.7
36,89,104,1,1031.7,996.1,1031.7,1031.7,417.5,403.1
36,89,105,1,764.6,783.5,764.6,764.6,309.4,317.1
36,89,121,5,944.3,798,636.6,1281.9,382.2,322.9
36,89,123,9,833.5,816.3,594.7,1040.8,337.3,330.3
36,89,124,1,781.3,742.8,781.3,781.3,316.2,300.6
36,89,125,1,704.2,737.5,704.2,704.2,285,298.5
36,89,127,4,1222.7,1163.1,980.7,1405.8,494.8,470.7
36,89,381,1,424.2,424.6,424.2,424.2,171.7,171.8
36,89,401,5,1239.3,1267.8,1077.6,1413.6,501.5,513
36,89,409,1,980.9,970.4,980.9,980.9,397,392.7
36,89,503,11,813.3,787.5,640.4,993.3,329.1,318.7
36,89,505,1,898.6,878.4,898.6,898.6,363.7,355.5
36,89,517,7,659.2,601.2,391.7,886.8,266.8,243.3
36,89,520,1,1036.6,1051.6,1036.6,1036.6,419.5,425.6
36,89,701,12,880.3,773.9,660.4,1094.9,356.2,313.2
36,89,704,2,979.5,988.3,832.8,1126.2,396.4,400
36,89,706,4,719,723.5,664.6,743.3,291,292.8
36,89,707,1,697.4,682.8,697.4,697.4,282.2,276.3
36,89,708,8,1008.7,951.7,684.3,1209.4,408.2,385.1
36,89,801,99,847.8,827.6,700.7,960.9,343.1,334.9
36,89,802,2,445.4,474.3,419.1,471.7,180.3,191.9
36,89,805,22,829.1,763.1,598.4,1043.2,335.5,308.8
36,89,809,22,860,814.8,725,934.3,348,329.7
36,89,901,4,649.2,618.1,585.7,682.8,262.7,250.1
36,89,903,4,697,655.9,622.9,747.4,282,265.4
36,89,904,1,1098.5,1166.9,1098.5,1098.5,444.6,472.2
36,89,962,1,605.4,582.7,605.4,605.4,245,235.8
36,89,999,4,437.4,388.1,365.9,457.2,177,157.1
36,91,102,1,1538.5,1474.4,1538.5,1538.5,622.6,596.7
36,91,103,3,1223.4,1195,1135,1297,495.1,483.6
36,91,104,1,918.8,892.6,918.8,918.8,371.8,361.2
36,91,105,1,1397.8,1363.9,1397.8,1397.8,565.7,552
36,91,123,1,1021.4,997.1,1021.4,1021.4,413.3,403.5
36,91,126,1,1102.6,1085.2,1102.6,1102.6,446.2,439.2
36,91,381,1,1068.4,1041.2,1068.4,1068.4,432.3,421.4
36,91,401,5,860.6,1048.9,390.7,1086.5,348.3,424.5
36,91,503,8,755.6,784.6,590.8,933.4,305.8,317.5
36,91,505,2,869.6,842.9,830.4,908.7,351.9,341.1
36,91,515,1,799,785.8,799,799,323.4,318
36,91,519,1,826.4,911.1,826.4,826.4,334.4,368.7
36,91,520,3,794.8,957.2,699.5,928.4,321.7,387.4
36,91,701,1,256,249.3,256,256,103.6,100.9
36,91,703,1,1288.1,1258.6,1288.1,1288.1,521.3,509.3
36,91,705,1,590.1,545.8,590.1,590.1,238.8,220.9
36,91,706,2,502,488.2,492.1,512,203.2,197.6
36,91,708,3,472.7,428.9,446.6,505.1,191.3,173.6
36,91,801,30,900.4,899.6,741.6,1027.1,364.4,364
36,91,802,2,903.6,868.5,885.6,921.6,365.7,351.5
36,91,809,2,1116,1145.7,1089,1143,451.6,463.6
36,91,901,1,903.7,900.4,903.7,903.7,365.7,364.4
36,91,903,1,264.7,272.3,264.7,264.7,107.1,110.2
36,91,999,1,404.6,385.8,404.6,404.6,163.7,156.1
36,93,103,1,1265.7,1274.9,1265.7,1265.7,512.2,515.9
36,93,401,1,1363.1,1637.6,1363.1,1363.1,551.6,662.7
36,93,503,4,1101.7,1102.5,1011.5,1208.6,445.8,446.2
36,93,504,1,598.5,592.1,598.5,598.5,242.2,239.6
36,93,516,1,1108.5,1082.2,1108.5,1108.5,448.6,437.9
36,93,708,1,956.2,913.1,956.2,956.2,386.9,369.5
36,93,801,5,1213,1113.2,997.5,1409.7,490.9,450.5
36,93,809,1,771.5,885.8,771.5,771.5,312.2,358.5
36,93,999,1,1071.2,972.7,1071.2,1071.2,433.5,393.6
36,95,102,1,939.6,983.6,939.6,939.6,380.3,398
36,95,103,1,1334.4,1316.8,1334.4,1334.4,540,532.9
36,95,105,1,923.9,914.3,923.9,923.9,373.9,370
36,95,401,1,1189.1,1162.5,1189.1,1189.1,481.2,470.4
36,95,502,1,900.1,894.2,900.1,900.1,364.2,361.9
36,95,503,3,1061,1148.1,977.2,1202.1,429.4,464.6
36,95,505,3,1165.2,1036.5,995.1,1281.5,471.6,419.4
36,95,517,2,741.3,715.7,620.9,861.6,300,289.6
36,95,520,1,823.7,802.4,823.7,823.7,333.3,324.7
36,95,705,1,565.3,438,565.3,565.3,228.8,177.3
36,95,706,1,556.8,550.4,556.8,556.8,225.3,222.7
36,95,801,17,987,1018.3,848.9,1067.6,399.4,412.1
36,95,805,8,1041.5,1141,936.5,1205.2,421.5,461.7
36,95,809,3,1087.6,1058.1,981.1,1188.7,440.2,428.2
36,95,901,1,418.7,561.5,418.7,418.7,169.5,227.2
36,95,962,1,550.9,614.6,550.9,550.9,223,248.7
36,95,999,1,383.2,343.3,383.2,383.2,155.1,138.9
36,97,103,1,1564.3,1485.1,1564.3,1564.3,633.1,601
36,97,201,1,402.7,428.4,402.7,402.7,162.9,173.4
36,97,384,1,1140.5,1122.5,1140.5,1140.5,461.5,454.3
36,97,401,2,1060.6,1055.3,1016.3,1105,429.2,427.1
36,97,409,1,990.9,947.1,990.9,990.9,401,383.3
36,97,503,5,891.8,965.4,739,1101.7,360.9,390.7
36,97,505,2,895.6,872.7,716,1075.1,362.4,353.2
36,97,517,1,1233.6,1248,1233.6,1233.6,499.2,505.1
36,97,801,5,1052.3,1119.2,962.3,1218.3,425.8,452.9
36,97,805,6,986.6,922.7,653,969.2,399.2,373.4
36,97,901,1,875.6,878.9,875.6,875.6,354.3,355.7
36,97,902,1,766.9,801.9,766.9,766.9,310.4,324.5
36,97,999,2,557.8,546,553.1,562.5,225.7,221
36,99,503,2,774.8,787.3,738.8,810.8,313.6,318.6
36,99,512,1,661.1,638.8,661.1,661.1,267.5,258.5
36,99,520,2,597.8,538,580.2,615.3,241.9,217.7
36,99,707,2,897.7,899.2,831.9,963.5,363.3,363.9
36,99,801,3,923.2,964.7,799.4,1076.1,373.6,390.4
36,99,805,1,1123.2,1189.1,1123.2,1123.2,454.6,481.2
36,99,962,1,488.7,486.5,488.7,488.7,197.8,196.9
36,99,999,1,278,242,278,278,112.5,97.9
36,101,103,3,750.9,836.9,666.2,905.1,303.9,338.7
36,101,104,2,1061.6,1035.1,1019.8,1103.3,429.6,418.9
36,101,105,1,792,814.6,792,792,320.5,329.7
36,101,201,1,778.2,816.1,778.2,778.2,314.9,330.3
36,101,401,2,993.1,992.5,970.7,1015.6,401.9,401.7
36,101,503,19,877.3,760.7,651.1,1073.3,355,307.9
36,101,504,2,681.4,668.3,549.4,813.4,275.8,270.4
36,101,505,5,1080.9,1163.3,1045.8,1195.4,437.4,470.8
36,101,513,1,861.8,815.9,861.8,861.8,348.8,330.2
36,101,515,1,809.7,826.2,809.7,809.7,327.7,334.4
36,101,516,3,767,769.6,732.7,813.7,310.4,311.5
36,101,517,5,641,696,387.1,906.7,259.4,281.7
36,101,519,1,740.5,717.3,740.5,740.5,299.7,290.3
36,101,520,2,386.4,405.7,378.4,394.5,156.4,164.2
36,101,702,1,687.7,649.8,687.7,687.7,278.3,263
36,101,801,27,998.2,953.6,777.2,1189.9,404,385.9
36,101,805,17,759.9,680.6,612.6,729,307.5,275.4
36,101,809,7,892.4,814,761.5,1039.6,361.2,329.4
36,101,901,7,683,769,523.2,809.2,276.4,311.2
36,101,962,1,467.1,391.5,467.1,467.1,189,158.4
36,103,167,10,880.8,795.4,718.9,1001.3,356.4,321.9
36,103,171,2,597.1,585.9,559,635.2,241.6,237.1
36,103,401,1,1424.8,1422.8,1424.8,1424.8,576.6,575.8
36,103,409,6,711,748.2,531.5,894.8,287.7,302.8
36,103,503,8,748.4,714,560.4,931.4,302.9,288.9
36,103,504,1,658.2,591.8,658.2,658.2,266.4,239.5
36,103,507,1,722.6,717.8,722.6,722.6,292.4,290.5
36,103,510,9,715.8,680.2,690.1,729.8,289.7,275.3
36,103,515,4,752,649.4,522.1,864.3,304.3,262.8
36,103,517,1,728.3,694.4,728.3,728.3,294.7,281
36,103,520,1,1071.3,1021.3,1071.3,1071.3,433.5,413.3
36,103,802,1,595.4,513.2,595.4,595.4,240.9,207.7
36,103,903,1,575.7,549.7,575.7,575.7,233,222.5
36,103,999,3,375.2,321,302.5,443.9,151.9,129.9
36,105,103,3,1044.6,1072.9,990.5,1132.8,422.7,434.2
36,105,104,1,1399.5,1388.3,1399.5,1399.5,566.3,561.8
36,105,105,3,1233.7,1294.4,1129.3,1361.6,499.3,523.8
36,105,122,1,854.2,856.8,854.2,854.2,345.7,346.7
36,105,401,1,919.5,899,919.5,919.5,372.1,363.8
36,105,502,3,525.7,433.2,446.1,579.6,212.7,175.3
36,105,503,14,883.4,835.9,720.6,911.4,357.5,338.3
36,105,504,2,706.1,712,586.1,826.1,285.8,288.1
36,105,505,3,966.5,1017.8,923.2,1052,391.1,411.9
36,105,510,2,698.1,694.3,667.3,729,282.5,281
36,105,515,5,764.6,763.3,529.9,998.1,309.4,308.9
36,105,519,2,912.7,927.6,836.5,988.9,369.4,375.4
36,105,801,31,985.2,954.8,810.9,1160.2,398.7,386.4
36,105,802,1,1102.1,1116.6,1102.1,1102.1,446,451.9
36,105,805,2,829.5,834.3,814.2,844.7,335.7,337.6
36,105,809,9,832,903.9,602.6,924.2,336.7,365.8
36,105,903,1,426.6,396.7,426.6,426.6,172.6,160.6
36,105,962,2,886.3,826.1,795.4,977.2,358.7,334.3
36,107,102,1,951.8,948.2,951.8,951.8,385.2,383.7
36,107,103,2,1043.3,1046.7,975.3,1111.4,422.2,423.6
36,107,401,3,914.4,921.2,767,1049.7,370,372.8
36,107,409,1,651.4,602,651.4,651.4,263.6,243.6
36,107,505,1,1307.7,1284.6,1307.7,1307.7,529.2,519.9
36,107,513,2,756.8,741.3,739,774.5,306.3,300
36,107,515,2,893.8,879.8,850.6,937,361.7,356
36,107,517,1,281.1,262.7,281.1,281.1,113.8,106.3
36,107,519,4,955.6,883.6,791.8,1116.6,386.7,357.6
36,107,708,1,626.8,545.3,626.8,626.8,253.7,220.7
36,107,801,8,880.6,833.8,802.7,945.8,356.4,337.4
36,107,805,7,743.4,781.2,592.5,871.6,300.8,316.1
36,107,809,1,605.1,582.6,605.1,605.1,244.9,235.8
36,107,901,1,1242.4,1166.7,1242.4,1242.4,502.8,472.1
36,107,999,1,255.3,308.4,255.3,255.3,103.3,124.8
36,109,103,1,982.8,987.8,982.8,982.8,397.7,399.7
36,109,105,1,1112.6,1096.6,1112.6,1112.6,450.3,443.8
36,109,381,2,553.3,559.6,544.9,561.6,223.9,226.5
36,109,401,2,921.5,886.4,903.3,939.6,372.9,358.7
36,109,409,1,1087.7,1044,1087.7,1087.7,440.2,422.5
36,109,503,2,1163.2,1135.8,999.4,1327,470.7,459.6
36,109,505,2,1289.4,1261.7,1089.2,1489.6,521.8,510.6
36,109,513,1,493.6,456.9,493.6,493.6,199.7,184.9
36,109,516,2,908.9,891.6,837.7,980.1,367.8,360.8
36,109,517,2,622.7,594.8,574.3,671,252,240.7
36,109,702,1,682.8,696.5,682.8,682.8,276.3,281.9
36,109,801,5,1114.3,1037.7,971.6,1100.2,450.9,419.9
36,109,805,8,904.3,820.9,695,973.8,365.9,332.2
36,109,809,1,628.6,571.4,628.6,628.6,254.4,231.2
36,109,901,1,789.1,790.7,789.1,789.1,319.3,320
36,109,999,1,524.4,553.9,524.4,524.4,212.2,224.2
36,111,103,4,1075.3,1116.3,1065.2,1154.1,435.2,451.7
36,111,121,1,1543.6,1542.4,1543.6,1543.6,624.7,624.2
36,111,167,1,557.2,520.6,557.2,557.2,225.5,210.7
36,111,171,1,910.8,923.6,910.8,910.8,368.6,373.8
36,111,384,1,699.4,654.7,699.4,699.4,283,264.9
36,111,401,2,1320.6,1298.8,1291.3,1349.9,534.4,525.6
36,111,402,1,1064.7,1092.1,1064.7,1064.7,430.9,442
36,111,502,4,887.2,870.9,675.2,1073.1,359,352.4
36,111,503,17,914.2,869.9,751.4,1031.5,369.9,352
36,111,505,7,902.3,899.6,854.5,960.8,365.2,364.1
36,111,512,1,541,431.7,541,541,218.9,174.7
36,111,513,2,729,712.4,659.9,798.2,295,288.3
36,111,519,1,1179.5,1110.1,1179.5,1179.5,477.3,449.2
36,111,520,5,1024.2,947.5,868.5,1181.6,414.5,383.5
36,111,701,1,1392.1,1356.7,1392.1,1392.1,563.3,549
36,111,703,1,971.2,843.5,971.2,971.2,393,341.4
36,111,706,1,239,248.5,239,239,96.7,100.6
36,111,708,3,455.2,356,302.5,562.8,184.2,144.1
36,111,801,34,917.1,894.3,761.4,1039,371.1,361.9
36,111,802,1,643.9,654.2,643.9,643.9,260.6,264.8
36,111,805,3,878.4,850.4,721.7,1023.7,355.5,344.1
36,111,809,3,873.7,756.2,701.7,982.8,353.6,306
36,111,901,1,797.6,781,797.6,797.6,322.8,316
36,111,962,1,1242,1232.3,1242,1242,502.6,498.7
36,111,995,1,433.9,433.6,433.9,433.9,175.6,175.5
36,113,103,9,1301.7,1200.9,1195.7,1535.5,526.8,486
36,113,104,4,1173.1,1180.8,1080,1302.2,474.7,477.9
36,113,105,5,1111.2,1103.7,1075.2,1143.9,449.7,446.6
36,113,123,1,989.8,1058.1,989.8,989.8,400.6,428.2
36,113,401,6,1118.6,1070.8,1092.4,1241.7,452.7,433.3
36,113,503,1,573,586.8,573,573,231.9,237.5
36,113,505,4,979.5,982.8,883.4,1139.6,396.4,397.7
36,113,801,43,938.9,895.4,798.1,1004.1,380,362.4
36,113,805,4,780.2,787,733.7,845.8,315.7,318.5
36,113,809,3,876.2,924.9,727.5,1064.7,354.6,374.3
36,113,901,1,581.1,587.1,581.1,581.1,235.2,237.6
36,113,902,1,975.4,974.5,975.4,975.4,394.7,394.4
36,113,962,1,1299.8,1244.1,1299.8,1299.8,526,503.5
36,113,999,1,1714.9,1727.3,1714.9,1714.9,694,699
36,115,103,5,1179.8,1280.8,964.5,1410.9,477.5,518.3
36,115,104,2,1352.7,1323.5,1326.7,1378.7,547.4,535.6
36,115,105,2,992.8,951.7,985.7,1000,401.8,385.1
36,115,401,6,998.1,1020.5,900.8,1132.3,403.9,413
36,115,409,1,934,875.7,934,934,378,354.4
36,115,503,10,842.9,810.9,726.2,965.5,341.1,328.2
36,115,505,2,1345.7,1299,1148.9,1542.4,544.6,525.7
36,115,509,1,1901,1594.3,1901,1901,769.3,645.2
36,115,519,1,911.9,890.3,911.9,911.9,369,360.3
36,115,701,2,814.2,787.9,809.2,819.2,329.5,318.8
36,115,705,1,254.5,244,254.5,254.5,103,98.8
36,115,706,1,1088.3,992.8,1088.3,1088.3,440.4,401.8
36,115,801,23,930.7,877.5,717.5,1076.3,376.6,355.1
36,115,805,7,778.2,821.9,465.5,989.6,314.9,332.6
36,115,901,2,856.7,840.5,814.8,898.7,346.7,340.1
36,115,962,1,800.1,802.4,800.1,800.1,323.8,324.7
36,117,503,2,878.2,840.2,731.6,1024.9,355.4,340
36,117,516,2,708.4,692.4,598.6,818.2,286.7,280.2
36,117,517,3,826.9,801.4,682.5,943.4,334.6,324.3
36,117,519,1,1189.7,1124.6,1189.7,1189.7,481.5,455.1
36,117,701,2,1249.7,1181.7,1001,1498.5,505.8,478.2
36,117,704,1,1370.5,1341.7,1370.5,1370.5,554.6,543
36,117,706,4,683.1,682.3,387.4,992.2,276.4,276.1
36,117,707,4,1150.2,880.2,863.8,1171.1,465.5,356.2
36,117,708,3,1249.2,1256.3,1145.2,1369.4,505.5,508.4
36,117,801,1,948.2,917.8,948.2,948.2,383.7,371.4
36,117,805,6,817.9,655.3,535.1,1068.8,331,265.2
36,117,999,2,671.7,673.3,562.2,781.2,271.8,272.5
36,119,503,7,1054.6,1044,867.9,1101.5,426.8,422.5
36,119,517,2,733.6,676.5,632.2,835,296.9,273.8
36,119,708,5,902.3,894.5,739,1034.4,365.1,362
36,119,801,3,967.2,1027.9,879.5,1107.9,391.4,416
36,119,802,1,481.7,479.8,481.7,481.7,195,194.1
36,119,805,4,820.7,791.6,719.4,916.3,332.1,320.4
36,119,962,5,760.3,825.5,615.6,855.8,307.7,334.1
36,121,512,1,795,792.5,795,795,321.7,320.7
36,121,513,1,1420.4,1372.5,1420.4,1420.4,574.8,555.4
36,121,516,1,1010.1,954.2,1010.1,1010.1,408.8,386.2
36,121,517,1,404.6,317.8,404.6,404.6,163.7,128.6
36,121,704,1,369.6,367.3,369.6,369.6,149.6,148.7
36,121,801,9,817.2,793.1,659.4,925.2,330.7,321
36,121,805,10,993.6,938.6,769.1,1188.6,402.1,379.9
36,121,901,3,715.4,736,670.3,787.3,289.5,297.8
36,121,962,1,683.8,648.7,683.8,683.8,276.7,262.5
36,121,995,1,593.5,617.5,593.5,593.5,240.2,249.9
36,123,171,1,611.2,562,611.2,611.2,247.3,227.4
36,123,401,2,834,835,631.2,1036.9,337.5,337.9
36,123,503,3,1267.6,1163.8,1137.9,1336.7,513,471
36,123,505,1,1020.7,1022.5,1020.7,1020.7,413.1,413.8
36,123,512,1,475.8,441.4,475.8,475.8,192.6,178.6
36,123,517,1,635.7,585.1,635.7,635.7,257.3,236.8
36,123,801,3,1084.7,738.3,695.9,1286,439,298.8
36,123,805,4,707.3,691.3,606.7,805.4,286.3,279.8
36,123,901,2,780.5,804.1,761.7,799.3,315.9,325.4
36,123,995,3,691,486.8,422.9,864.2,279.6,197
44,1,503,1,722.3,725.8,722.3,722.3,292.3,293.7
44,1,515,1,583.2,564.8,583.2,583.2,236,228.6
44,1,519,1,1027.2,1023.4,1027.2,1027.2,415.7,414.1
44,3,103,1,1318.6,1305.5,1318.6,1318.6,533.6,528.3
44,3,401,1,1086.3,1097.5,1086.3,1086.3,439.6,444.1
44,3,409,1,879.9,872.5,879.9,879.9,356.1,353.1
44,3,503,5,886.7,931.4,734.4,969.9,358.8,376.9
44,3,505,3,1085.5,1034.1,1047.2,1121.8,439.3,418.5
44,3,510,4,629.1,591.3,530.7,707.2,254.6,239.3
44,3,515,2,860.1,884,859.3,861,348.1,357.7
44,3,519,1,708.4,767.7,708.4,708.4,286.7,310.7
44,3,608,1,868,860.6,868,868,351.3,348.3
44,3,708,1,293.1,359.2,293.1,293.1,118.6,145.3
44,3,962,1,721.8,642.5,721.8,721.8,292.1,260
44,5,171,1,716.7,747,716.7,716.7,290.1,302.3
44,5,503,2,867.3,843.4,759,975.6,351,341.3
44,5,519,4,636.7,644.6,586.3,694.3,257.7,260.9
44,5,608,1,760.5,782.9,760.5,760.5,307.8,316.8
44,5,809,1,675.3,739.9,675.3,675.3,273.3,299.4
44,7,103,6,1180.9,1122.9,1049.2,1260.5,477.9,454.4
44,7,105,1,775.5,769.5,775.5,775.5,313.8,311.4
44,7,401,7,990.6,850.5,748.3,1312.1,400.9,344.2
44,7,409,2,574.5,569,521.9,627.1,232.5,230.3
44,7,503,16,859.4,872.8,761,990.5,347.8,353.2
44,7,504,3,766.9,797.6,702.5,856,310.4,322.8
44,7,505,10,910.5,874.5,792.3,1024.3,368.5,353.9
44,7,506,1,960.1,933.6,960.1,960.1,388.6,377.8
44,7,510,1,758.4,782.2,758.4,758.4,306.9,316.6
44,7,513,1,480.1,510.1,480.1,480.1,194.3,206.4
44,7,515,6,953.5,920.3,847.2,924.5,385.9,372.4
44,7,517,1,733.5,753.5,733.5,733.5,296.8,304.9
44,7,519,4,838.9,808.4,724.2,901.1,339.5,327.2
44,7,520,2,855.8,840.1,736.8,974.8,346.3,340
44,7,608,1,1022.1,997.4,1022.1,1022.1,413.6,403.7
44,7,707,1,436.6,414.2,436.6,436.6,176.7,167.6
44,7,708,3,650.2,575.1,487.8,782.2,263.1,232.7
44,7,801,1,792.6,793.5,792.6,792.6,320.8,321.1
44,7,809,4,703.8,734.1,574.4,832,284.8,297.1
44,7,962,2,767.4,741.2,733.8,800.9,310.6,300
44,9,103,3,1082.2,1096.7,984.8,1202.3,437.9,443.8
44,9,167,2,1096,1077.1,835,1357.1,443.6,435.9
44,9,171,1,917.2,923.3,917.2,917.2,371.2,373.7
44,9,401,3,876.9,911.4,863.2,901.9,354.9,368.8
44,9,409,1,1172.8,1152.1,1172.8,1172.8,474.6,466.2
44,9,502,1,625.3,627.6,625.3,625.3,253,254
44,9,503,12,830.6,825.1,741.9,982.8,336.1,333.9
44,9,504,2,616.1,622.6,554.1,678.2,249.3,252
44,9,510,4,688.1,660.6,618.5,723.7,278.5,267.3
44,9,515,3,741.1,804.3,672,848.8,299.9,325.5
44,9,519,3,602.3,623.6,489.2,741.8,243.7,252.3
44,9,520,1,1018.9,1035.5,1018.9,1018.9,412.3,419.1
44,9,606,1,1546.6,1477.1,1546.6,1546.6,625.9,597.8
44,9,608,2,697.1,684.2,696,698.2,282.1,276.9
44,9,708,4,684.3,645.3,581.5,748.1,276.9,261.1
44,9,801,2,862.9,833.3,816.1,909.8,349.2,337.2
44,9,802,2,354.3,360.7,293.4,415.2,143.4,146
44,9,809,1,391.3,409.9,391.3,391.3,158.4,165.9
44,9,901,1,471.6,438.8,471.6,471.6,190.9,177.6
44,9,999,1,571,544.7,571,571,231.1,220.4
50,1,103,2,1141,1142.3,1008.6,1273.5,461.7,462.3
50,1,104,1,812.8,836.7,812.8,812.8,328.9,338.6
50,1,121,6,1117.9,1135.1,1102.2,1145.3,452.4,459.4
50,1,123,1,689.5,693.5,689.5,689.5,279,280.6
50,1,171,1,1085.3,1034,1085.3,1085.3,439.2,418.5
50,1,384,1,1377.7,1389.9,1377.7,1377.7,557.5,562.5
50,1,503,5,803.7,790.7,818.9,850,325.2,320
50,1,505,1,1474.9,1372.9,1474.9,1474.9,596.9,555.6
50,1,517,1,902.1,882.2,902.1,902.1,365.1,357
50,1,701,2,614.6,579.5,516,713.3,248.7,234.5
50,1,706,1,1045.4,1073.9,1045.4,1045.4,423,434.6
50,1,708,1,674.6,681.5,674.6,674.6,273,275.8
50,1,801,56,948,921.9,782.2,1125.3,383.6,373.1
50,1,805,5,859,813.7,741.8,935.6,347.6,329.3
50,1,809,3,1001.5,745.6,726.4,1147.6,405.3,301.7
50,1,901,1,1227.4,1192.5,1227.4,1227.4,496.7,482.6
50,1,902,5,1024.7,1070.3,889.4,1164.1,414.7,433.1
50,1,962,1,591.4,692.9,591.4,591.4,239.3,280.4
50,1,995,1,605.8,445.3,605.8,605.8,245.1,180.2
50,1,999,2,196.6,194.1,181.9,211.3,79.6,78.6
50,3,103,1,641.2,664,641.2,641.2,259.5,268.7
50,3,121,3,1302.7,1328.4,1199.3,1357.3,527.2,537.6
50,3,123,5,1167.4,1103.1,1055.1,1243.1,472.4,446.4
50,3,124,1,1264.9,1220.4,1264.9,1264.9,511.9,493.9
50,3,401,1,842.4,825.6,842.4,842.4,340.9,334.1
50,3,503,1,1194.4,1220.2,1194.4,1194.4,483.3,493.8
50,3,505,1,664.6,642.1,664.6,664.6,268.9,259.8
50,3,515,1,995,961.3,995,995,402.7,389
50,3,708,1,340.7,360.5,340.7,340.7,137.9,145.9
50,3,801,87,981.6,901.9,781.8,1158.6,397.2,365
50,3,805,4,899.1,832.8,761.4,980.1,363.8,337
50,3,809,14,1069.4,955.9,895.4,1233.8,432.8,386.8
50,3,902,2,1005.8,1111,985.5,1026.2,407.1,449.6
50,5,103,3,1125.9,966.6,899.6,1281.4,455.6,391.2
50,5,105,1,1059.3,992,1059.3,1059.3,428.7,401.5
50,5,121,7,774.2,666.8,558.1,1002.1,313.3,269.8
50,5,122,1,1535,1485.6,1535,1535,621.2,601.2
50,5,123,1,791.6,813.4,791.6,791.6,320.4,329.2
50,5,124,1,661.6,624.5,661.6,661.6,267.7,252.7
50,5,127,1,1729.2,1676.1,1729.2,1729.2,699.8,678.3
50,5,381,1,1168.3,1169.5,1168.3,1168.3,472.8,473.3
50,5,401,3,1374,956.8,907.8,1640.3,556.1,387.2
50,5,801,28,955.6,882.9,760.1,1077.6,386.7,357.3
50,5,802,2,466.5,497.9,391.9,541,188.8,201.5
50,5,805,4,819.1,758.2,703.5,890,331.5,306.8
50,5,809,4,1050.6,1038.6,850.1,1293.7,425.2,420.3
50,5,901,1,1466.5,1388.7,1466.5,1466.5,593.5,562
50,5,902,1,884,831.7,884,884,357.8,336.6
50,5,903,1,645.9,789.3,645.9,645.9,261.4,319.4
50,5,905,2,884,903.6,748.6,1019.4,357.7,365.7
50,5,962,2,1043.2,1004.4,901,1185.3,422.2,406.5
50,7,103,1,1488.8,1506,1488.8,1488.8,602.5,609.4
50,7,104,1,1173.1,1200,1173.1,1173.1,474.7,485.6
50,7,105,1,1614.2,1519.4,1614.2,1614.2,653.2,614.9
50,7,401,1,623.5,588.6,623.5,623.5,252.3,238.2
50,7,517,1,591.6,669.5,591.6,591.6,239.4,270.9
50,7,519,1,898.2,985.8,898.2,898.2,363.5,398.9
50,7,703,1,685.1,657.5,685.1,685.1,277.2,266.1
50,7,705,1,510.5,507.9,510.5,510.5,206.6,205.5
50,7,706,1,647,623.2,647,647,261.8,252.2
50,7,707,1,978.5,936.8,978.5,978.5,396,379.1
50,7,801,22,907.9,948.6,732.7,1059.7,367.4,383.9
50,7,805,3,1205.9,898.9,837.6,1424.9,488,363.8
50,7,809,4,726.1,699.4,566.7,859.7,293.9,283
50,9,121,8,1026.8,949.7,882.8,1269.2,415.5,384.3
50,9,123,3,1005.1,1124.2,795.6,1224.3,406.7,454.9
50,9,124,1,985.8,1015.1,985.8,985.8,398.9,410.8
50,9,708,1,388.7,393,388.7,388.7,157.3,159.1
50,9,801,46,803.5,807.6,658.9,947.5,325.2,326.8
50,9,805,4,786.4,758.9,735.3,845.4,318.3,307.1
50,9,809,1,920.6,912.5,920.6,920.6,372.6,369.3
50,9,901,3,822.8,799,667.1,914.5,333,323.3
50,9,902,2,1191.8,1194.8,1188.7,1194.9,482.3,483.5
50,11,104,2,627,633.3,494.5,759.6,253.8,256.3
50,11,105,4,1201,1285,1048.2,1443.6,486,520
50,11,121,1,963.5,961.8,963.5,963.5,389.9,389.2
50,11,505,1,945.1,926.5,945.1,945.1,382.5,374.9
50,11,519,1,664.2,686.1,664.2,664.2,268.8,277.6
50,11,701,1,1178.1,1151.9,1178.1,1178.1,476.7,466.2
50,11,801,22,945.8,913.6,791,1032.1,382.8,369.7
50,11,805,7,753.3,801.8,603.6,852,304.8,324.5
50,11,809,12,1044.8,1084.9,776.8,1201.9,422.8,439.1
50,11,902,1,987.8,1045.1,987.8,987.8,399.8,422.9
50,11,995,1,873.9,747.7,873.9,873.9,353.7,302.6
50,13,513,1,442.4,394.9,442.4,442.4,179,159.8
50,13,517,1,1090.1,1045.5,1090.1,1090.1,441.2,423.1
50,13,701,2,1082.8,1055.6,979.7,1185.9,438.2,427.2
50,13,706,1,1272.6,1195.3,1272.6,1272.6,515,483.7
50,15,105,5,1145.6,1030.8,1012.5,1153.3,463.6,417.2
50,15,124,3,784.7,914.4,689.4,907.1,317.6,370.1
50,15,801,30,925.8,850.7,732.9,1126.5,374.7,344.3
50,15,805,2,758.4,736.5,753,763.9,306.9,298
50,15,809,5,1008.8,923.7,895.3,984,408.2,373.8
50,15,902,2,895.8,867.2,762.2,1029.4,362.5,351
50,17,103,9,1032.3,911.4,715.1,1224.9,417.8,368.8
50,17,105,4,1102.9,1078.2,1031.6,1179.8,446.3,436.3
50,17,121,3,851,828.1,636.1,1067.2,344.4,335.1
50,17,124,1,929.6,1003.8,929.6,929.6,376.2,406.2
50,17,127,2,1235.9,1204.6,1122.6,1349.1,500.1,487.5
50,17,384,1,1233.2,1167.8,1233.2,1233.2,499.1,472.6
50,17,505,2,1069.5,1064.8,957.8,1181.1,432.8,430.9
50,17,706,1,576,594.3,576,576,233.1,240.5
50,17,801,26,899.9,897,811.8,977.1,364.2,363
50,17,802,1,654.6,642.4,654.6,654.6,264.9,260
50,17,805,10,812.6,792.9,673.7,887.1,328.8,320.9
50,19,103,4,1216.3,1166,1061.9,1392.3,492.2,471.9
50,19,105,1,820.8,867.9,820.8,820.8,332.2,351.2
50,19,121,5,1149.9,1176.9,1049.2,1207.1,465.3,476.3
50,19,122,1,941.6,866.5,941.6,941.6,381.1,350.7
50,19,123,1,1273.6,1260.6,1273.6,1273.6,515.4,510.2
50,19,124,1,995.7,1047.3,995.7,995.7,403,423.8
50,19,127,4,877.8,810.3,628.2,1044.2,355.2,327.9
50,19,517,1,1155.1,1125,1155.1,1155.1,467.5,455.3
50,19,708,2,700.6,685.6,655.8,745.4,283.5,277.5
50,19,801,36,956.3,895.1,793,1040.6,387,362.2
50,19,805,4,1032.4,1040.6,933.6,1146.8,417.8,421.1
50,19,809,2,1091.1,1073.1,945.4,1236.9,441.6,434.3
50,19,901,2,656.3,655.4,637.8,674.9,265.6,265.2
50,19,902,2,1237.4,1126.6,1091.7,1383.1,500.8,455.9
50,19,904,1,396.1,383,396.1,396.1,160.3,155
50,19,905,1,530.7,502.2,530.7,530.7,214.8,203.2
50,19,962,1,995.5,1107.9,995.5,995.5,402.9,448.4
50,21,103,3,1085.4,1091.6,857.3,1325.1,439.3,441.7
50,21,104,1,1166.5,1165.9,1166.5,1166.5,472.1,471.8
50,21,105,5,1240,1224.3,1157.9,1431.4,501.8,495.5
50,21,121,2,1335.5,1301.1,1258,1413,540.5,526.5
50,21,123,3,1128.5,980.6,1012,1213,456.7,396.8
50,21,124,3,1164.6,1301.9,1082.2,1264.7,471.3,526.8
50,21,127,1,1116.6,1274,1116.6,1116.6,451.9,515.6
50,21,401,6,1010.2,980.9,808.3,1234,408.8,397
50,21,503,2,951.5,945.3,948.1,954.9,385.1,382.5
50,21,505,4,943.8,944.3,841.4,1037.7,381.9,382.2
50,21,703,1,1373.2,1305,1373.2,1373.2,555.7,528.1
50,21,706,1,462,369.7,462,462,187,149.6
50,21,801,62,927.3,918,745.9,1030.4,375.3,371.5
50,21,805,16,904.3,816.9,728.2,1019.6,365.9,330.6
50,21,809,2,1302.7,1249.6,1061.7,1543.7,527.2,505.7
50,21,901,1,761.1,760.5,761.1,761.1,308,307.8
50,21,902,5,959.8,1083.5,774.7,1119.4,388.4,438.5
50,21,962,2,847,831.3,822.1,871.9,342.8,336.4
50,23,103,3,1240.6,1167.9,1101.9,1359.7,502.1,472.6
50,23,104,2,1029.7,1004.3,1020.4,1039,416.7,406.4
50,23,105,4,1063,1069.5,979.1,1137.4,430.2,432.8
50,23,121,2,929.3,957.9,863.2,995.5,376.1,387.7
50,23,123,1,650.5,659.1,650.5,650.5,263.2,266.7
50,23,384,1,753,722.4,753,753,304.7,292.3
50,23,401,3,825.7,775.3,754,912.6,334.1,313.8
50,23,801,39,906.6,849.8,714.7,1021.5,366.9,343.9
50,23,805,1,942.2,946.5,942.2,942.2,381.3,383
50,23,809,7,987.7,877.5,877.1,1007.2,399.7,355.1
50,23,901,3,1001.3,1089.9,867.7,1169.2,405.2,441.1
50,23,902,1,675.5,749.3,675.5,675.5,273.4,303.2
50,25,103,3,1575.3,1567.1,1373.5,1781.1,637.5,634.2
50,25,104,3,1151,1238.1,1083.2,1266.2,465.8,501
50,25,105,4,1317.1,1243.7,1239.1,1373.1,533,503.3
50,25,121,1,875.4,884.1,875.4,875.4,354.3,357.8
50,25,123,2,1101.8,1080,930,1273.6,445.9,437.1
50,25,124,1,1217.7,1292.1,1217.7,1217.7,492.8,522.9
50,25,401,2,1904.1,1647.5,1628.1,2180,770.5,666.7
50,25,409,1,1145.3,1230.1,1145.3,1145.3,463.5,497.8
50,25,503,1,1429.7,1411.8,1429.7,1429.7,578.6,571.3
50,25,505,2,1366.9,1396.4,1300.8,1433,553.2,565.1
50,25,708,1,1572.5,1588.7,1572.5,1572.5,636.4,642.9
50,25,801,54,1006.6,899.2,838.4,1116.4,407.4,363.9
50,25,805,5,703.8,652.4,577.7,783.5,284.8,264
50,25,809,7,1022.3,999.9,859.1,1088.6,413.7,404.7
50,25,901,1,690.7,641.1,690.7,690.7,279.5,259.4
50,25,902,3,951.2,962.3,751.3,1166.1,384.9,389.4
50,25,962,4,855.7,889,758.1,992.9,346.3,359.8
50,27,103,8,1305.7,1378.7,1070.2,1536.9,528.4,557.9
50,27,104,1,962.1,946.6,962.1,962.1,389.4,383.1
50,27,105,4,1019.4,1104.1,883.3,1245.9,412.5,446.8
50,27,123,2,1402.9,1491.7,1313.9,1492,567.8,603.7
50,27,124,1,1374.1,1503.3,1374.1,1374.1,556.1,608.3
50,27,401,2,1044.1,1072.7,981.2,1106.9,422.5,434.1
50,27,503,1,869.1,848.9,869.1,869.1,351.7,343.5
50,27,505,2,795.6,790.3,704.6,886.6,322,319.8
50,27,701,1,386.7,374.6,386.7,386.7,156.5,151.6
50,27,706,1,528.5,538.4,528.5,528.5,213.9,217.9
50,27,801,54,945,856,698.4,1141.6,382.4,346.4
50,27,805,9,1001.9,1121.6,578.1,1235.8,405.4,453.9
50,27,809,4,1126.5,1140.9,921.4,1373.5,455.9,461.7
50,27,901,2,653.4,628.7,617.8,689,264.4,254.4
50,27,902,2,1074.4,962.2,981,1167.8,434.8,389.4
