"state","year","hybrid_Tg","recal_Tg","area_Mha"
"AL",2022,401.146,401.146,8.3083
"AL",2032,497.568,494.886,8.3083
"AL",2042,569.415,581.727,8.3083
"AL",2052,619.848,650.807,8.3083
"AL",2062,650.118,700.919,8.3083
"AL",2072,664.718,736.291,8.3083
"AL",2082,665.958,759.98,8.3083
"AL",2092,657.559,774.619,8.3083
"AL",2102,640.924,783.175,8.3083
"AL",2112,616.025,787.242,8.3083
"AL",2122,586.9,788.278,8.3083
"AR",2022,368.767,368.767,6.8015
"AR",2032,425.334,425.155,6.8015
"AR",2042,468.556,476.251,6.8015
"AR",2052,494.541,517.849,6.8015
"AR",2062,501.162,548.695,6.8015
"AR",2072,492.339,568.919,6.8015
"AR",2082,475.673,580.864,6.8015
"AR",2092,458.021,587.917,6.8015
"AR",2102,438.228,592.839,6.8015
"AR",2112,413.288,595.905,6.8015
"AR",2122,392.606,598.072,6.8015
"AZ",2022,126.121,126.121,6.7424
"AZ",2032,132.292,132.742,6.7424
"AZ",2042,137.303,138.389,6.7424
"AZ",2052,141.168,143.088,6.7424
"AZ",2062,144.087,147.052,6.7424
"AZ",2072,146.216,150.44,6.7424
"AZ",2082,147.669,153.396,6.7424
"AZ",2092,148.609,155.969,6.7424
"AZ",2102,149.143,158.204,6.7424
"AZ",2112,149.321,160.103,6.7424
"AZ",2122,149.234,161.783,6.7424
"CA",2022,664.17,664.17,7.2352
"CA",2032,704.469,714.313,7.2352
"CA",2042,737.691,757.066,7.2352
"CA",2052,764.484,792.724,7.2352
"CA",2062,786,822.017,7.2352
"CA",2072,803.116,846.154,7.2352
"CA",2082,817.353,866.529,7.2352
"CA",2092,828.867,883.82,7.2352
"CA",2102,838.133,898.839,7.2352
"CA",2112,845.598,911.905,7.2352
"CA",2122,850.944,923.129,7.2352
"CO",2022,297.46,297.46,8.5523
"CO",2032,315.935,312.101,8.5523
"CO",2042,332.099,326.37,8.5523
"CO",2052,345.101,339.51,8.5523
"CO",2062,353.822,350.849,8.5523
"CO",2072,357.934,360.083,8.5523
"CO",2082,359.044,367.764,8.5523
"CO",2092,357.076,373.82,8.5523
"CO",2102,353.696,378.891,8.5523
"CO",2112,349.489,383.188,8.5523
"CO",2122,344.642,386.83,8.5523
"CT",2022,25.338,25.338,0.3392
"CT",2032,26.212,27.124,0.3392
"CT",2042,26.707,28.529,0.3392
"CT",2052,26.877,29.548,0.3392
"CT",2062,26.784,30.26,0.3392
"CT",2072,26.621,30.85,0.3392
"CT",2082,26.4,31.311,0.3392
"CT",2092,26.16,31.696,0.3392
"CT",2102,25.912,32.033,0.3392
"CT",2112,25.665,32.335,0.3392
"CT",2122,25.424,32.609,0.3392
"DE",2022,26.548,26.548,0.383
"DE",2032,28.599,29.163,0.383
"DE",2042,30.422,31.409,0.383
"DE",2052,32.101,33.361,0.383
"DE",2062,33.636,35.091,0.383
"DE",2072,35.047,36.675,0.383
"DE",2082,36.362,38.149,0.383
"DE",2092,37.584,39.524,0.383
"DE",2102,38.673,40.785,0.383
"DE",2112,39.698,41.988,0.383
"DE",2122,40.663,43.138,0.383
"FL",2022,222.93,222.93,5.5251
"FL",2032,257.261,264.193,5.5251
"FL",2042,277.879,301.278,5.5251
"FL",2052,282.209,329.354,5.5251
"FL",2062,281.485,349.04,5.5251
"FL",2072,276.957,362.353,5.5251
"FL",2082,263.851,371.015,5.5251
"FL",2092,241.603,376.609,5.5251
"FL",2102,222.561,380.481,5.5251
"FL",2112,209.132,383.298,5.5251
"FL",2122,199.029,385.231,5.5251
"GA",2022,298.542,298.542,6.5126
"GA",2032,369.973,375.061,6.5126
"GA",2042,426.702,446.786,6.5126
"GA",2052,467.726,504.214,6.5126
"GA",2062,493.785,547.477,6.5126
"GA",2072,501.612,577.134,6.5126
"GA",2082,486.959,592.949,6.5126
"GA",2092,457.951,598.55,6.5126
"GA",2102,420.554,600.662,6.5126
"GA",2112,384.197,601.992,6.5126
"GA",2122,353.633,602.873,6.5126
"IA",2022,45.283,45.283,0.8344
"IA",2032,48.962,49.687,0.8344
"IA",2042,51.189,53.119,0.8344
"IA",2052,51.821,55.539,0.8344
"IA",2062,50.935,57.131,0.8344
"IA",2072,48.979,58.186,0.8344
"IA",2082,46.357,58.848,0.8344
"IA",2092,43.203,59.185,0.8344
"IA",2102,39.899,59.342,0.8344
"IA",2112,36.62,59.37,0.8344
"IA",2122,33.694,59.392,0.8344
"ID",2022,365.447,365.447,6.8156
"ID",2032,397.041,405.297,6.8156
"ID",2042,424.643,443.2,6.8156
"ID",2052,446.782,477.454,6.8156
"ID",2062,462.19,506.071,6.8156
"ID",2072,471.164,528.618,6.8156
"ID",2082,474.862,545.515,6.8156
"ID",2092,472.524,557,6.8156
"ID",2102,466.591,565.115,6.8156
"ID",2112,457.062,570.246,6.8156
"ID",2122,443.751,573.043,6.8156
"IL",2022,99.494,99.494,1.5479
"IL",2032,107.396,110.208,1.5479
"IL",2042,111.558,118.358,1.5479
"IL",2052,111.438,124.543,1.5479
"IL",2062,106.979,127.524,1.5479
"IL",2072,101.768,129.562,1.5479
"IL",2082,96.211,131.107,1.5479
"IL",2092,90.744,132.349,1.5479
"IL",2102,85.27,133.3,1.5479
"IL",2112,80.233,134.125,1.5479
"IL",2122,75.65,134.926,1.5479
"IN",2022,122.307,122.307,1.8174
"IN",2032,132.294,138.553,1.8174
"IN",2042,139.752,152.259,1.8174
"IN",2052,145.5,163.7,1.8174
"IN",2062,148.442,172.54,1.8174
"IN",2072,147.37,178.66,1.8174
"IN",2082,142.514,181.975,1.8174
"IN",2092,135.685,183.939,1.8174
"IN",2102,128.137,185.058,1.8174
"IN",2112,120.268,185.689,1.8174
"IN",2122,112.698,186.116,1.8174
"KS",2022,12.779,12.779,0.3448
"KS",2032,13.413,14.007,0.3448
"KS",2042,13.795,14.97,0.3448
"KS",2052,14.042,15.747,0.3448
"KS",2062,14.164,16.341,0.3448
"KS",2072,14.159,16.795,0.3448
"KS",2082,13.828,17.118,0.3448
"KS",2092,12.902,17.302,0.3448
"KS",2102,11.935,17.439,0.3448
"KS",2112,10.837,17.509,0.3448
"KS",2122,9.741,17.551,0.3448
"KY",2022,296.872,296.872,4.3237
"KY",2032,326.684,329.993,4.3237
"KY",2042,344.739,355.594,4.3237
"KY",2052,348.568,373.406,4.3237
"KY",2062,339.839,383.885,4.3237
"KY",2072,324.846,390.167,4.3237
"KY",2082,307.44,393.975,4.3237
"KY",2092,289.543,396.273,4.3237
"KY",2102,272.442,397.844,4.3237
"KY",2112,256.656,399.124,4.3237
"KY",2122,242.185,400.251,4.3237
"LA",2022,235.55,235.55,4.7842
"LA",2032,284.605,279.638,4.7842
"LA",2042,325.369,323.725,4.7842
"LA",2052,356.967,360.583,4.7842
"LA",2062,379.003,390.395,4.7842
"LA",2072,390.947,414.184,4.7842
"LA",2082,392.373,432.699,4.7842
"LA",2092,385.869,447.126,4.7842
"LA",2102,372.021,457.944,4.7842
"LA",2112,348.922,465.507,4.7842
"LA",2122,325.443,471.014,4.7842
"MA",2022,66.516,66.516,0.8231
"MA",2032,71.323,72.1,0.8231
"MA",2042,74.786,76.658,0.8231
"MA",2052,76.905,80.183,0.8231
"MA",2062,78.16,83.027,0.8231
"MA",2072,78.812,85.405,0.8231
"MA",2082,79.061,87.473,0.8231
"MA",2092,78.778,89.065,0.8231
"MA",2102,78.012,90.261,0.8231
"MA",2112,76.91,91.16,0.8231
"MA",2122,75.413,91.756,0.8231
"MD",2022,52.638,52.638,0.6695
"MD",2032,56.219,58.508,0.6695
"MD",2042,58.378,63.004,0.6695
"MD",2052,59.475,66.235,0.6695
"MD",2062,59.701,68.463,0.6695
"MD",2072,58.76,69.778,0.6695
"MD",2082,55.902,70.487,0.6695
"MD",2092,51.058,70.672,0.6695
"MD",2102,47.145,70.771,0.6695
"MD",2112,43.884,70.796,0.6695
"MD",2122,41.132,70.804,0.6695
"ME",2022,312.387,312.387,6.6967
"ME",2032,341.198,368.419,6.6967
"ME",2042,361.729,414.614,6.6967
"ME",2052,377.246,452.138,6.6967
"ME",2062,389.017,482.667,6.6967
"ME",2072,397.248,507.135,6.6967
"ME",2082,402.409,526.364,6.6967
"ME",2092,406.235,541.63,6.6967
"ME",2102,408.667,553.535,6.6967
"ME",2112,410.172,562.733,6.6967
"ME",2122,410.584,569.704,6.6967
"MI",2022,384.042,384.042,7.4562
"MI",2032,420.072,435.54,7.4562
"MI",2042,447.507,479.128,7.4562
"MI",2052,466.45,514.951,7.4562
"MI",2062,477.74,544.098,7.4562
"MI",2072,482.395,567.594,7.4562
"MI",2082,482.05,586.559,7.4562
"MI",2092,477.159,601.569,7.4562
"MI",2102,467.323,613.185,7.4562
"MI",2112,454.541,622.222,7.4562
"MI",2122,439.201,629.33,7.4562
"MN",2022,260.738,260.738,7.0989
"MN",2032,287.404,298.913,7.0989
"MN",2042,309.209,332.934,7.0989
"MN",2052,323.962,360.642,7.0989
"MN",2062,333.339,382.643,7.0989
"MN",2072,338.156,399.819,7.0989
"MN",2082,338.369,413.078,7.0989
"MN",2092,335.318,423.053,7.0989
"MN",2102,329.954,430.649,7.0989
"MN",2112,322.548,436.312,7.0989
"MN",2122,312.916,440.338,7.0989
"MO",2022,380.676,380.676,6.77
"MO",2032,404.367,414.554,6.77
"MO",2042,421.929,442.004,6.77
"MO",2052,433.793,463.491,6.77
"MO",2062,440.646,479.778,6.77
"MO",2072,443.058,491.72,6.77
"MO",2082,441.797,500.28,6.77
"MO",2092,437.646,506.265,6.77
"MO",2102,431.896,510.495,6.77
"MO",2112,425.083,513.503,6.77
"MO",2122,417.601,515.732,6.77
"MS",2022,316.33,316.33,6.285
"MS",2032,398.882,399.238,6.285
"MS",2042,462.011,476.374,6.285
"MS",2052,507.923,538.13,6.285
"MS",2062,540.502,586.339,6.285
"MS",2072,558.952,621.923,6.285
"MS",2082,563.143,644.855,6.285
"MS",2092,555.202,656.957,6.285
"MS",2102,539.637,662.769,6.285
"MS",2112,521.274,666.35,6.285
"MS",2122,502.74,669.066,6.285
"MT",2022,407.366,407.366,9.0457
"MT",2032,430.926,435.106,9.0457
"MT",2042,450.906,461.072,9.0457
"MT",2052,467.156,484.284,9.0457
"MT",2062,480.002,504.516,9.0457
"MT",2072,489.56,521.547,9.0457
"MT",2082,495.627,535.343,9.0457
"MT",2092,498.507,546.347,9.0457
"MT",2102,498.847,555.247,9.0457
"MT",2112,496.777,562.284,9.0457
"MT",2122,493.029,567.933,9.0457
"NC",2022,332.286,332.286,5.826
"NC",2032,395.077,403.942,5.826
"NC",2042,447.284,471.66,5.826
"NC",2052,487.232,526.645,5.826
"NC",2062,516.351,570.402,5.826
"NC",2072,536.039,605.117,5.826
"NC",2082,544.586,631.461,5.826
"NC",2092,543.709,650.279,5.826
"NC",2102,534.76,662.757,5.826
"NC",2112,518.08,670.761,5.826
"NC",2122,494.365,675.742,5.826
"ND",2022,4.825,4.825,0.2935
"ND",2032,5.323,5.349,0.2935
"ND",2042,5.767,5.788,0.2935
"ND",2052,6.162,6.154,0.2935
"ND",2062,6.511,6.479,0.2935
"ND",2072,6.796,6.777,0.2935
"ND",2082,6.963,6.988,0.2935
"ND",2092,6.965,7.074,0.2935
"ND",2102,6.865,7.111,0.2935
"ND",2112,6.736,7.141,0.2935
"ND",2122,6.591,7.17,0.2935
"NE",2022,15.941,15.941,0.4255
"NE",2032,16.743,17.219,0.4255
"NE",2042,17.074,18.13,0.4255
"NE",2052,17.145,18.814,0.4255
"NE",2062,16.716,19.332,0.4255
"NE",2072,16.398,19.76,0.4255
"NE",2082,16.159,20.152,0.4255
"NE",2092,15.691,20.467,0.4255
"NE",2102,15.366,20.756,0.4255
"NE",2112,15.121,21.026,0.4255
"NE",2122,14.953,21.275,0.4255
"NH",2022,138.088,138.088,1.9184
"NH",2032,149.809,152.885,1.9184
"NH",2042,158.858,165.311,1.9184
"NH",2052,165.261,175.422,1.9184
"NH",2062,168.358,182.903,1.9184
"NH",2072,168.741,188.212,1.9184
"NH",2082,166.023,191.352,1.9184
"NH",2092,161.426,193.238,1.9184
"NH",2102,155.662,194.348,1.9184
"NH",2112,149.317,195.03,1.9184
"NH",2122,142.961,195.569,1.9184
"NJ",2022,43.804,43.804,0.7759
"NJ",2032,46.643,48.618,0.7759
"NJ",2042,48.597,52.59,0.7759
"NJ",2052,49.424,55.559,0.7759
"NJ",2062,49.888,57.956,0.7759
"NJ",2072,49.176,59.44,0.7759
"NJ",2082,48.245,60.593,0.7759
"NJ",2092,46.998,61.529,0.7759
"NJ",2102,45.286,62.274,0.7759
"NJ",2112,43.29,62.883,0.7759
"NJ",2122,41.225,63.434,0.7759
"NM",2022,143.357,143.357,6.8649
"NM",2032,150.967,148.079,6.8649
"NM",2042,157.344,152.527,6.8649
"NM",2052,162.185,156.632,6.8649
"NM",2062,166.197,160.526,6.8649
"NM",2072,169.143,164.097,6.8649
"NM",2082,171.062,167.394,6.8649
"NM",2092,172.159,170.512,6.8649
"NM",2102,172.172,173.35,6.8649
"NM",2112,170.987,175.806,6.8649
"NM",2122,169.446,178.072,6.8649
"NV",2022,43.724,43.724,3.5892
"NV",2032,45.786,46.03,3.5892
"NV",2042,47.639,48.133,3.5892
"NV",2052,49.269,50.035,3.5892
"NV",2062,50.679,51.752,3.5892
"NV",2072,51.857,53.276,3.5892
"NV",2082,52.707,54.545,3.5892
"NV",2092,53.325,55.623,3.5892
"NV",2102,53.751,56.548,3.5892
"NV",2112,54.059,57.339,3.5892
"NV",2122,54.269,58.014,3.5892
"NY",2022,388.173,388.173,5.856
"NY",2032,421.292,431.087,5.856
"NY",2042,446.175,467.151,5.856
"NY",2052,462.924,496.41,5.856
"NY",2062,474.147,519.676,5.856
"NY",2072,480.669,537.929,5.856
"NY",2082,483.003,551.852,5.856
"NY",2092,482.124,562.412,5.856
"NY",2102,479.327,570.649,5.856
"NY",2112,475.094,577.24,5.856
"NY",2122,470.159,582.601,5.856
"OH",2022,191.519,191.519,2.9268
"OH",2032,218.426,224.869,2.9268
"OH",2042,242.094,254.985,2.9268
"OH",2052,260.93,280.849,2.9268
"OH",2062,276.288,302.969,2.9268
"OH",2072,285.357,320.735,2.9268
"OH",2082,290.971,333.988,2.9268
"OH",2092,290.623,343.349,2.9268
"OH",2102,280.925,348.746,2.9268
"OH",2112,266.373,351.819,2.9268
"OH",2122,253.999,354.189,2.9268
"OK",2022,137.82,137.82,3.4058
"OK",2032,154.375,156.221,3.4058
"OK",2042,165.388,170.859,3.4058
"OK",2052,169.518,181.12,3.4058
"OK",2062,168.336,187.81,3.4058
"OK",2072,164.204,192.37,3.4058
"OK",2082,159.31,195.607,3.4058
"OK",2092,153.563,197.755,3.4058
"OK",2102,147.799,199.355,3.4058
"OK",2112,141.992,200.537,3.4058
"OK",2122,136.367,201.546,3.4058
"OR",2022,992.252,992.252,10.5466
"OR",2032,1053.806,1092.977,10.5466
"OR",2042,1105.67,1179.011,10.5466
"OR",2052,1148.534,1250.418,10.5466
"OR",2062,1183.987,1309.718,10.5466
"OR",2072,1212.865,1359.423,10.5466
"OR",2082,1235.924,1401.877,10.5466
"OR",2092,1254.46,1438.293,10.5466
"OR",2102,1268.627,1469.087,10.5466
"OR",2112,1279.058,1494.732,10.5466
"OR",2122,1285.935,1515.697,10.5466
"PA",2022,478.97,478.97,6.3815
"PA",2032,514.796,529.279,6.3815
"PA",2042,540.587,572.325,6.3815
"PA",2052,555.319,607.352,6.3815
"PA",2062,562.31,636.236,6.3815
"PA",2072,559.043,658.213,6.3815
"PA",2082,550.738,675.373,6.3815
"PA",2092,538.639,688.72,6.3815
"PA",2102,524.834,699.584,6.3815
"PA",2112,509.907,708.255,6.3815
"PA",2122,497.17,715.655,6.3815
"RI",2022,6.29,6.29,0.0862
"RI",2032,6.863,6.994,0.0862
"RI",2042,7.08,7.511,0.0862
"RI",2052,7.1,7.92,0.0862
"RI",2062,6.679,8.12,0.0862
"RI",2072,6.047,8.211,0.0862
"RI",2082,5.42,8.277,0.0862
"RI",2092,4.703,8.277,0.0862
"RI",2102,4.056,8.277,0.0862
"RI",2112,3.481,8.277,0.0862
"RI",2122,2.976,8.277,0.0862
"SC",2022,224.075,224.075,4.3985
"SC",2032,260.791,267.682,4.3985
"SC",2042,279.195,306.297,4.3985
"SC",2052,285.278,333.538,4.3985
"SC",2062,283.991,351.808,4.3985
"SC",2072,276.847,363.679,4.3985
"SC",2082,264.262,370.523,4.3985
"SC",2092,250.723,374.517,4.3985
"SC",2102,238.392,376.845,4.3985
"SC",2112,227.791,378.237,4.3985
"SC",2122,218.628,378.995,4.3985
"SD",2022,16.374,16.374,0.5348
"SD",2032,17.267,17.569,0.5348
"SD",2042,17.908,18.737,0.5348
"SD",2052,18.395,19.79,0.5348
"SD",2062,18.745,20.728,0.5348
"SD",2072,19.035,21.59,0.5348
"SD",2082,19.257,22.353,0.5348
"SD",2092,19.385,22.998,0.5348
"SD",2102,19.47,23.546,0.5348
"SD",2112,19.535,24.021,0.5348
"SD",2122,19.605,24.43,0.5348
"TN",2022,283.627,283.627,4.1389
"TN",2032,318.893,325.548,4.1389
"TN",2042,347.894,362.854,4.1389
"TN",2052,371.454,395.208,4.1389
"TN",2062,389.085,422.493,4.1389
"TN",2072,398.265,444.416,4.1389
"TN",2082,395.933,461.937,4.1389
"TN",2092,376.853,475.076,4.1389
"TN",2102,336.515,483.747,4.1389
"TN",2112,287.193,488.963,4.1389
"TN",2122,248.022,492.607,4.1389
"TX",2022,283.501,283.501,8.1372
"TX",2032,332.435,339.639,8.1372
"TX",2042,370.464,389.164,8.1372
"TX",2052,397.478,427.737,8.1372
"TX",2062,413.591,456.38,8.1372
"TX",2072,418.725,477.329,8.1372
"TX",2082,413.867,491.647,8.1372
"TX",2092,397.732,499.627,8.1372
"TX",2102,376.06,503.583,8.1372
"TX",2112,352.154,505.182,8.1372
"TX",2122,328.935,506.294,8.1372
"UT",2022,108.684,108.684,5.0243
"UT",2032,114.603,113.517,5.0243
"UT",2042,119.655,117.989,5.0243
"UT",2052,123.673,121.941,5.0243
"UT",2062,126.556,125.263,5.0243
"UT",2072,128.261,127.955,5.0243
"UT",2082,129.127,130.21,5.0243
"UT",2092,129.148,132.006,5.0243
"UT",2102,128.65,133.561,5.0243
"UT",2112,127.626,134.899,5.0243
"UT",2122,126.182,136.007,5.0243
"VA",2022,336.412,336.412,5.0831
"VA",2032,378.604,390.193,5.0831
"VA",2042,412.855,441.58,5.0831
"VA",2052,439.21,483.447,5.0831
"VA",2062,457.55,516.162,5.0831
"VA",2072,469.06,541.581,5.0831
"VA",2082,473.852,561.119,5.0831
"VA",2092,473.714,575.944,5.0831
"VA",2102,468.441,586.681,5.0831
"VA",2112,458.63,594.725,5.0831
"VA",2122,446.051,601.004,5.0831
"VT",2022,139.084,139.084,2.0032
"VT",2032,154.136,155.878,2.0032
"VT",2042,166.58,170.034,2.0032
"VT",2052,174.497,180.731,2.0032
"VT",2062,177.361,187.735,2.0032
"VT",2072,176.926,192.48,2.0032
"VT",2082,173.344,195.371,2.0032
"VT",2092,167.665,197.175,2.0032
"VT",2102,160.332,198.052,2.0032
"VT",2112,152.334,198.369,2.0032
"VT",2122,144.475,198.602,2.0032
"WA",2022,711.136,711.136,7.0102
"WA",2032,764.878,784.28,7.0102
"WA",2042,809.445,847.028,7.0102
"WA",2052,843.38,897.683,7.0102
"WA",2062,867.767,937.531,7.0102
"WA",2072,883.289,968.885,7.0102
"WA",2082,889.494,991.556,7.0102
"WA",2092,889.841,1009.264,7.0102
"WA",2102,887.811,1024.371,7.0102
"WA",2112,885.002,1037.861,7.0102
"WA",2122,881.763,1049.92,7.0102
"WI",2022,384.233,384.233,7.6028
"WI",2032,420.977,435.982,7.6028
"WI",2042,449.186,480.079,7.6028
"WI",2052,466.256,515.368,7.6028
"WI",2062,474.253,543.234,7.6028
"WI",2072,474.29,564.825,7.6028
"WI",2082,465.483,580.727,7.6028
"WI",2092,451.616,592.32,7.6028
"WI",2102,434.479,600.607,7.6028
"WI",2112,415.372,606.605,7.6028
"WI",2122,395.463,611.011,7.6028
"WV",2022,256.665,256.665,3.221
"WV",2032,271.767,280.248,3.221
"WV",2042,282.375,299.402,3.221
"WV",2052,288.742,314.466,3.221
"WV",2062,290.597,325.47,3.221
"WV",2072,287.47,333.265,3.221
"WV",2082,281.055,338.79,3.221
"WV",2092,272.423,342.765,3.221
"WV",2102,262.164,345.631,3.221
"WV",2112,249.662,347.608,3.221
"WV",2122,235.014,349.007,3.221
"WY",2022,156.459,156.459,4.3216
"WY",2032,166.464,168.088,4.3216
"WY",2042,174.98,178.31,4.3216
"WY",2052,182.15,187.591,4.3216
"WY",2062,188.227,196.316,4.3216
"WY",2072,193.316,204.625,4.3216
"WY",2082,197.577,212.194,4.3216
"WY",2092,201.119,218.9,4.3216
"WY",2102,203.964,224.904,4.3216
"WY",2112,206.08,230.081,4.3216
"WY",2122,207.379,234.252,4.3216
